id,txId,custName,type,severity,score,analyst,queueStatus,minsOpen,dt
ALT-0001,TX-006253,Bilal Ansari,Velocity Spike,Medium,21,Fatima S.,Investigating,2029,2026-04-23 08:09:05
ALT-0002,TX-006367,Zain Farooq,Large Amount,Low,66,Fatima S.,Escalated,610,2026-04-24 07:48:05
ALT-0003,TX-008741,Hamza Malik,Velocity Spike,Low,65,Noor F.,Open,2139,2026-04-23 06:19:05
ALT-0004,TX-004450,Usman Farooq,Device Change,Medium,18,Ali R.,Open,1345,2026-04-23 19:33:05
ALT-0005,TX-008719,Hamza Iqbal,Velocity Spike,Critical,21,Ali R.,Investigating,1887,2026-04-23 10:31:05
ALT-0006,TX-001036,Hassan Syed,Chargeback Risk,Critical,99,Noor F.,Resolved,1198,2026-04-23 22:00:05
ALT-0007,TX-004379,Bilal Qureshi,Device Change,High,66,Sara K.,Escalated,1656,2026-04-23 14:22:05
ALT-0008,TX-004834,Ali Sheikh,Device Change,High,12,Ali R.,Open,973,2026-04-24 01:45:05
ALT-0009,TX-008925,Fatima Sheikh,Velocity Spike,High,83,Sara K.,Investigating,211,2026-04-24 14:27:05
ALT-0010,TX-006170,Sara Iqbal,Large Amount,Low,58,Ali R.,Escalated,2276,2026-04-23 04:02:05
ALT-0011,TX-005892,Usman Sheikh,Device Change,Medium,85,Fatima S.,Open,496,2026-04-24 09:42:05
ALT-0012,TX-004428,Fatima Syed,Velocity Spike,Low,96,Ali R.,Open,2711,2026-04-22 20:47:05
ALT-0013,TX-006568,Fatima Qureshi,Large Amount,High,46,Fatima S.,Resolved,850,2026-04-24 03:48:05
ALT-0014,TX-009084,Hamza Sheikh,Device Change,Medium,87,Ali R.,Open,204,2026-04-24 14:34:05
ALT-0015,TX-005706,Bilal Malik,Velocity Spike,Low,77,Noor F.,Open,2768,2026-04-22 19:50:05
ALT-0016,TX-007121,Ali Qureshi,Velocity Spike,Medium,82,Sara K.,Open,175,2026-04-24 15:03:05
ALT-0017,TX-009367,Zain Iqbal,Large Amount,Medium,7,Ahmed M.,Escalated,2175,2026-04-23 05:43:05
ALT-0018,TX-007089,Hamza Butt,Chargeback Risk,Critical,44,Fatima S.,Open,2472,2026-04-23 00:46:05
ALT-0019,TX-000353,Bilal Farooq,Velocity Spike,Low,90,Ahmed M.,Investigating,820,2026-04-24 04:18:05
ALT-0020,TX-007384,Ahmed Qureshi,Chargeback Risk,High,7,Fatima S.,Investigating,1325,2026-04-23 19:53:05
ALT-0021,TX-003554,Ahmed Farooq,Velocity Spike,High,53,Noor F.,Escalated,2198,2026-04-23 05:20:05
ALT-0022,TX-007549,Mariam Farooq,Chargeback Risk,High,43,Ahmed M.,Open,446,2026-04-24 10:32:05
ALT-0023,TX-007528,Fatima Qureshi,Velocity Spike,High,76,Noor F.,Resolved,1999,2026-04-23 08:39:05
ALT-0024,TX-003710,Sara Qureshi,Device Change,Medium,62,Sara K.,Investigating,887,2026-04-24 03:11:05
ALT-0025,TX-008003,Noor Qureshi,Velocity Spike,Critical,95,Ali R.,Resolved,2076,2026-04-23 07:22:05
ALT-0026,TX-009627,Usman Raza,Velocity Spike,Medium,22,Noor F.,Investigating,1611,2026-04-23 15:07:05
ALT-0027,TX-000287,Mariam Iqbal,Device Change,Critical,4,Ali R.,Resolved,664,2026-04-24 06:54:05
ALT-0028,TX-003482,Ahmed Malik,Large Amount,Critical,98,Sara K.,Open,1122,2026-04-23 23:16:05
ALT-0029,TX-004609,Mariam Butt,Chargeback Risk,Low,51,Fatima S.,Investigating,2202,2026-04-23 05:16:05
ALT-0030,TX-000131,Hassan Ansari,Geo Mismatch,High,28,Ahmed M.,Open,841,2026-04-24 03:57:05
ALT-0031,TX-005141,Noor Qureshi,Velocity Spike,Low,49,Noor F.,Resolved,519,2026-04-24 09:19:05
ALT-0032,TX-001202,Ayesha Qureshi,Velocity Spike,High,77,Noor F.,Escalated,2446,2026-04-23 01:12:05
ALT-0033,TX-006063,Zain Malik,Large Amount,High,34,Sara K.,Investigating,262,2026-04-24 13:36:05
ALT-0034,TX-006579,Ali Qureshi,Large Amount,Low,82,Ahmed M.,Investigating,2569,2026-04-22 23:09:05
ALT-0035,TX-001594,Fatima Iqbal,Velocity Spike,Critical,4,Noor F.,Open,480,2026-04-24 09:58:05
ALT-0036,TX-008230,Usman Syed,Chargeback Risk,Medium,80,Ahmed M.,Investigating,714,2026-04-24 06:04:05
ALT-0037,TX-000851,Bilal Malik,Geo Mismatch,Low,92,Fatima S.,Open,2797,2026-04-22 19:21:05
ALT-0038,TX-004065,Mariam Qureshi,Large Amount,Critical,13,Noor F.,Investigating,1168,2026-04-23 22:30:05
ALT-0039,TX-001470,Bilal Qureshi,Chargeback Risk,Medium,5,Noor F.,Open,2594,2026-04-22 22:44:05
ALT-0040,TX-001691,Hassan Raza,Large Amount,Low,92,Ali R.,Investigating,1552,2026-04-23 16:06:05
ALT-0041,TX-000121,Noor Iqbal,Large Amount,Low,88,Noor F.,Escalated,1591,2026-04-23 15:27:05
ALT-0042,TX-001635,Ayesha Ansari,Chargeback Risk,Medium,58,Fatima S.,Investigating,1982,2026-04-23 08:56:05
ALT-0043,TX-000875,Bilal Syed,Velocity Spike,Critical,44,Sara K.,Investigating,2820,2026-04-22 18:58:05
ALT-0044,TX-007376,Hassan Sheikh,Device Change,Low,94,Sara K.,Open,2671,2026-04-22 21:27:05
ALT-0045,TX-005382,Ahmed Qureshi,Velocity Spike,Critical,60,Fatima S.,Resolved,2186,2026-04-23 05:32:05
ALT-0046,TX-000302,Hassan Syed,Large Amount,Medium,50,Fatima S.,Open,2836,2026-04-22 18:42:05
ALT-0047,TX-002131,Hamza Iqbal,Chargeback Risk,Medium,99,Sara K.,Investigating,231,2026-04-24 14:07:05
ALT-0048,TX-003296,Fatima Syed,Large Amount,Medium,89,Ahmed M.,Resolved,2063,2026-04-23 07:35:05
ALT-0049,TX-008012,Ahmed Farooq,Chargeback Risk,Critical,62,Ahmed M.,Resolved,24,2026-04-24 17:34:05
ALT-0050,TX-009824,Sara Qureshi,Device Change,Low,6,Sara K.,Escalated,2441,2026-04-23 01:17:05
ALT-0051,TX-007822,Bilal Butt,Velocity Spike,Low,95,Ahmed M.,Resolved,2454,2026-04-23 01:04:05
ALT-0052,TX-003921,Fatima Iqbal,Large Amount,High,8,Sara K.,Open,2228,2026-04-23 04:50:05
ALT-0053,TX-000360,Ahmed Ansari,Geo Mismatch,Low,86,Fatima S.,Resolved,2454,2026-04-23 01:04:05
ALT-0054,TX-005688,Sara Butt,Large Amount,Critical,98,Noor F.,Open,1795,2026-04-23 12:03:05
ALT-0055,TX-004187,Hamza Butt,Device Change,Medium,41,Ali R.,Escalated,2517,2026-04-23 00:01:05
ALT-0056,TX-004932,Hamza Raza,Velocity Spike,Low,9,Fatima S.,Open,152,2026-04-24 15:26:05
ALT-0057,TX-002588,Ahmed Syed,Large Amount,High,29,Ali R.,Investigating,1435,2026-04-23 18:03:05
ALT-0058,TX-008083,Bilal Qureshi,Large Amount,High,94,Sara K.,Resolved,2607,2026-04-22 22:31:05
ALT-0059,TX-000320,Usman Ansari,Large Amount,Critical,89,Ali R.,Escalated,2536,2026-04-22 23:42:05
ALT-0060,TX-007907,Noor Ansari,Device Change,Low,29,Noor F.,Resolved,1230,2026-04-23 21:28:05
ALT-0061,TX-007358,Hassan Farooq,Velocity Spike,High,67,Fatima S.,Investigating,655,2026-04-24 07:03:05
ALT-0062,TX-004116,Ali Qureshi,Chargeback Risk,High,81,Sara K.,Investigating,314,2026-04-24 12:44:05
ALT-0063,TX-004465,Sara Iqbal,Velocity Spike,Critical,10,Noor F.,Open,467,2026-04-24 10:11:05
ALT-0064,TX-003295,Sara Khan,Geo Mismatch,Low,67,Ahmed M.,Open,580,2026-04-24 08:18:05
ALT-0065,TX-008403,Noor Qureshi,Chargeback Risk,Low,7,Noor F.,Investigating,2254,2026-04-23 04:24:05
ALT-0066,TX-008126,Usman Qureshi,Large Amount,High,51,Noor F.,Escalated,1474,2026-04-23 17:24:05
ALT-0067,TX-002963,Mariam Malik,Device Change,Low,24,Ahmed M.,Investigating,1456,2026-04-23 17:42:05
ALT-0068,TX-005988,Noor Khan,Device Change,High,57,Fatima S.,Escalated,253,2026-04-24 13:45:05
ALT-0069,TX-003818,Sara Sheikh,Large Amount,Critical,5,Noor F.,Escalated,2448,2026-04-23 01:10:05
ALT-0070,TX-006606,Ali Butt,Velocity Spike,Medium,49,Ali R.,Open,883,2026-04-24 03:15:05
ALT-0071,TX-004341,Sara Malik,Device Change,High,80,Fatima S.,Escalated,2347,2026-04-23 02:51:05
ALT-0072,TX-007478,Usman Raza,Velocity Spike,Low,18,Sara K.,Escalated,894,2026-04-24 03:04:05
ALT-0073,TX-000792,Ahmed Sheikh,Device Change,Medium,96,Noor F.,Escalated,2624,2026-04-22 22:14:05
ALT-0074,TX-005703,Ayesha Butt,Velocity Spike,High,61,Noor F.,Resolved,2582,2026-04-22 22:56:05
ALT-0075,TX-007764,Sara Qureshi,Device Change,High,38,Sara K.,Escalated,533,2026-04-24 09:05:05
ALT-0076,TX-008106,Hamza Qureshi,Geo Mismatch,Low,8,Fatima S.,Open,2553,2026-04-22 23:25:05
ALT-0077,TX-005019,Ali Butt,Chargeback Risk,Critical,31,Noor F.,Resolved,2512,2026-04-23 00:06:05
ALT-0078,TX-006643,Mariam Sheikh,Chargeback Risk,Low,99,Sara K.,Resolved,2753,2026-04-22 20:05:05
ALT-0079,TX-003030,Mariam Butt,Large Amount,Medium,16,Sara K.,Resolved,1714,2026-04-23 13:24:05
ALT-0080,TX-006913,Mariam Syed,Geo Mismatch,High,36,Ali R.,Investigating,262,2026-04-24 13:36:05
ALT-0081,TX-000392,Zain Butt,Device Change,Medium,68,Ali R.,Open,445,2026-04-24 10:33:05
ALT-0082,TX-009065,Noor Ansari,Chargeback Risk,Critical,44,Fatima S.,Investigating,714,2026-04-24 06:04:05
ALT-0083,TX-004487,Ahmed Sheikh,Geo Mismatch,Medium,56,Ali R.,Open,58,2026-04-24 17:00:05
ALT-0084,TX-002554,Sara Malik,Device Change,Low,23,Noor F.,Open,1000,2026-04-24 01:18:05
ALT-0085,TX-002171,Usman Farooq,Device Change,Critical,16,Sara K.,Resolved,1954,2026-04-23 09:24:05
ALT-0086,TX-008796,Ali Iqbal,Geo Mismatch,Medium,4,Ahmed M.,Resolved,1770,2026-04-23 12:28:05
ALT-0087,TX-000759,Usman Ansari,Chargeback Risk,Low,64,Ali R.,Escalated,1565,2026-04-23 15:53:05
ALT-0088,TX-000933,Bilal Syed,Geo Mismatch,Low,99,Fatima S.,Open,1515,2026-04-23 16:43:05
ALT-0089,TX-002306,Ali Sheikh,Large Amount,High,15,Ali R.,Resolved,2477,2026-04-23 00:41:05
ALT-0090,TX-001183,Hamza Iqbal,Geo Mismatch,High,19,Ahmed M.,Open,820,2026-04-24 04:18:05
ALT-0091,TX-004753,Usman Butt,Velocity Spike,Medium,51,Sara K.,Investigating,480,2026-04-24 09:58:05
ALT-0092,TX-004405,Ali Butt,Velocity Spike,High,73,Ali R.,Resolved,1940,2026-04-23 09:38:05
ALT-0093,TX-005871,Zain Qureshi,Large Amount,Low,38,Ahmed M.,Escalated,2562,2026-04-22 23:16:05
ALT-0094,TX-004959,Zain Ansari,Large Amount,High,96,Sara K.,Open,1723,2026-04-23 13:15:05
ALT-0095,TX-001317,Usman Malik,Device Change,Critical,48,Noor F.,Open,1265,2026-04-23 20:53:05
ALT-0096,TX-009536,Sara Malik,Chargeback Risk,High,73,Noor F.,Open,770,2026-04-24 05:08:05
ALT-0097,TX-000962,Fatima Khan,Large Amount,High,28,Fatima S.,Investigating,269,2026-04-24 13:29:05
ALT-0098,TX-009324,Mariam Sheikh,Geo Mismatch,High,76,Noor F.,Resolved,1647,2026-04-23 14:31:05
ALT-0099,TX-003948,Ahmed Iqbal,Geo Mismatch,Medium,19,Ahmed M.,Resolved,2099,2026-04-23 06:59:05
ALT-0100,TX-008151,Fatima Farooq,Geo Mismatch,High,82,Ahmed M.,Open,624,2026-04-24 07:34:05
ALT-0101,TX-003015,Hassan Malik,Velocity Spike,Medium,25,Sara K.,Investigating,2678,2026-04-22 21:20:05
ALT-0102,TX-000898,Ali Malik,Chargeback Risk,Critical,34,Ahmed M.,Resolved,515,2026-04-24 09:23:05
ALT-0103,TX-002902,Sara Qureshi,Large Amount,Medium,99,Fatima S.,Escalated,2814,2026-04-22 19:04:05
ALT-0104,TX-005953,Noor Butt,Geo Mismatch,Critical,15,Ali R.,Escalated,1110,2026-04-23 23:28:05
ALT-0105,TX-002816,Sara Butt,Chargeback Risk,Medium,88,Noor F.,Resolved,2183,2026-04-23 05:35:05
ALT-0106,TX-000111,Bilal Syed,Device Change,Low,40,Noor F.,Open,2842,2026-04-22 18:36:05
ALT-0107,TX-000247,Sara Iqbal,Device Change,High,10,Ali R.,Open,758,2026-04-24 05:20:05
ALT-0108,TX-003484,Zain Khan,Device Change,High,88,Ahmed M.,Investigating,460,2026-04-24 10:18:05
ALT-0109,TX-004456,Bilal Malik,Large Amount,Low,98,Ahmed M.,Escalated,371,2026-04-24 11:47:05
ALT-0110,TX-007303,Usman Khan,Device Change,High,59,Noor F.,Resolved,752,2026-04-24 05:26:05
ALT-0111,TX-001827,Ayesha Sheikh,Large Amount,Low,45,Fatima S.,Resolved,2552,2026-04-22 23:26:05
ALT-0112,TX-001518,Hamza Malik,Chargeback Risk,Medium,99,Sara K.,Escalated,132,2026-04-24 15:46:05
ALT-0113,TX-008064,Ayesha Khan,Chargeback Risk,High,84,Fatima S.,Escalated,907,2026-04-24 02:51:05
ALT-0114,TX-004000,Bilal Butt,Large Amount,Medium,92,Fatima S.,Open,518,2026-04-24 09:20:05
ALT-0115,TX-006188,Usman Qureshi,Chargeback Risk,Critical,44,Noor F.,Escalated,1609,2026-04-23 15:09:05
ALT-0116,TX-000248,Ahmed Butt,Geo Mismatch,Critical,18,Ahmed M.,Open,893,2026-04-24 03:05:05
ALT-0117,TX-001450,Sara Butt,Velocity Spike,Critical,4,Ali R.,Escalated,715,2026-04-24 06:03:05
ALT-0118,TX-001116,Bilal Malik,Device Change,Low,64,Sara K.,Open,258,2026-04-24 13:40:05
ALT-0119,TX-000111,Bilal Syed,Geo Mismatch,Critical,40,Ahmed M.,Open,400,2026-04-24 11:18:05
ALT-0120,TX-000607,Zain Qureshi,Large Amount,High,45,Sara K.,Investigating,2679,2026-04-22 21:19:05
ALT-0121,TX-004183,Hamza Sheikh,Geo Mismatch,Medium,33,Noor F.,Open,1013,2026-04-24 01:05:05
ALT-0122,TX-002742,Mariam Qureshi,Geo Mismatch,High,54,Noor F.,Open,2350,2026-04-23 02:48:05
ALT-0123,TX-001031,Ahmed Khan,Device Change,Critical,12,Ali R.,Escalated,1155,2026-04-23 22:43:05
ALT-0124,TX-008155,Ahmed Raza,Device Change,Critical,33,Ahmed M.,Resolved,1978,2026-04-23 09:00:05
ALT-0125,TX-002927,Bilal Ansari,Geo Mismatch,Medium,80,Noor F.,Investigating,944,2026-04-24 02:14:05
ALT-0126,TX-001770,Ahmed Iqbal,Chargeback Risk,Medium,30,Sara K.,Investigating,379,2026-04-24 11:39:05
ALT-0127,TX-005784,Mariam Khan,Geo Mismatch,High,1,Fatima S.,Investigating,2530,2026-04-22 23:48:05
ALT-0128,TX-000916,Hamza Sheikh,Large Amount,Low,49,Ahmed M.,Escalated,2609,2026-04-22 22:29:05
ALT-0129,TX-007695,Sara Raza,Large Amount,High,50,Noor F.,Resolved,1855,2026-04-23 11:03:05
ALT-0130,TX-003585,Sara Sheikh,Chargeback Risk,High,89,Noor F.,Escalated,829,2026-04-24 04:09:05
ALT-0131,TX-008485,Hassan Raza,Device Change,Low,34,Noor F.,Investigating,616,2026-04-24 07:42:05
ALT-0132,TX-000666,Ali Sheikh,Chargeback Risk,High,17,Ali R.,Escalated,2660,2026-04-22 21:38:05
ALT-0133,TX-000462,Usman Sheikh,Device Change,Low,44,Sara K.,Open,138,2026-04-24 15:40:05
ALT-0134,TX-007522,Hamza Syed,Large Amount,Critical,91,Noor F.,Investigating,54,2026-04-24 17:04:05
ALT-0135,TX-008976,Sara Farooq,Velocity Spike,Critical,95,Noor F.,Investigating,1121,2026-04-23 23:17:05
ALT-0136,TX-006391,Bilal Ansari,Device Change,Critical,11,Fatima S.,Resolved,806,2026-04-24 04:32:05
ALT-0137,TX-002835,Usman Raza,Large Amount,Critical,89,Ahmed M.,Open,2533,2026-04-22 23:45:05
ALT-0138,TX-008459,Ayesha Ansari,Geo Mismatch,Medium,8,Sara K.,Investigating,2677,2026-04-22 21:21:05
ALT-0139,TX-003957,Zain Khan,Geo Mismatch,Critical,1,Fatima S.,Open,2569,2026-04-22 23:09:05
ALT-0140,TX-006715,Usman Farooq,Velocity Spike,High,80,Fatima S.,Resolved,621,2026-04-24 07:37:05
ALT-0141,TX-000345,Ali Farooq,Velocity Spike,High,81,Fatima S.,Open,2165,2026-04-23 05:53:05
ALT-0142,TX-009778,Bilal Khan,Velocity Spike,Medium,8,Ahmed M.,Investigating,1045,2026-04-24 00:33:05
ALT-0143,TX-001816,Usman Qureshi,Large Amount,Medium,73,Fatima S.,Open,2100,2026-04-23 06:58:05
ALT-0144,TX-001890,Usman Sheikh,Device Change,Medium,60,Sara K.,Resolved,2623,2026-04-22 22:15:05
ALT-0145,TX-002011,Zain Syed,Device Change,High,89,Fatima S.,Investigating,1823,2026-04-23 11:35:05
ALT-0146,TX-005285,Hamza Raza,Geo Mismatch,Low,79,Fatima S.,Investigating,1046,2026-04-24 00:32:05
ALT-0147,TX-001697,Ali Farooq,Geo Mismatch,Critical,30,Noor F.,Escalated,1056,2026-04-24 00:22:05
ALT-0148,TX-001605,Hassan Ansari,Chargeback Risk,Critical,8,Noor F.,Escalated,2083,2026-04-23 07:15:05
ALT-0149,TX-006996,Fatima Raza,Large Amount,Critical,60,Sara K.,Investigating,758,2026-04-24 05:20:05
ALT-0150,TX-002655,Sara Iqbal,Geo Mismatch,Medium,14,Noor F.,Escalated,1864,2026-04-23 10:54:05
ALT-0151,TX-007955,Hamza Syed,Velocity Spike,Critical,19,Noor F.,Resolved,1765,2026-04-23 12:33:05
ALT-0152,TX-009909,Bilal Iqbal,Device Change,Critical,0,Sara K.,Open,1411,2026-04-23 18:27:05
ALT-0153,TX-005618,Hamza Raza,Device Change,Medium,33,Noor F.,Open,353,2026-04-24 12:05:05
ALT-0154,TX-008282,Hamza Malik,Device Change,Low,80,Sara K.,Resolved,979,2026-04-24 01:39:05
ALT-0155,TX-006258,Noor Sheikh,Chargeback Risk,Critical,64,Ahmed M.,Resolved,1818,2026-04-23 11:40:05
ALT-0156,TX-007742,Zain Syed,Chargeback Risk,Critical,60,Ahmed M.,Escalated,12,2026-04-24 17:46:05
ALT-0157,TX-009330,Zain Sheikh,Large Amount,High,21,Ali R.,Investigating,1019,2026-04-24 00:59:05
ALT-0158,TX-006900,Bilal Malik,Chargeback Risk,Low,28,Ahmed M.,Escalated,2616,2026-04-22 22:22:05
ALT-0159,TX-000140,Fatima Syed,Geo Mismatch,Critical,42,Ali R.,Open,1185,2026-04-23 22:13:05
ALT-0160,TX-006675,Ayesha Farooq,Large Amount,Medium,2,Ahmed M.,Resolved,1226,2026-04-23 21:32:05
ALT-0161,TX-000383,Ayesha Farooq,Large Amount,Critical,88,Ahmed M.,Escalated,1028,2026-04-24 00:50:05
ALT-0162,TX-005783,Mariam Iqbal,Device Change,Critical,39,Fatima S.,Investigating,2495,2026-04-23 00:23:05
ALT-0163,TX-003387,Noor Khan,Chargeback Risk,Critical,52,Fatima S.,Open,1925,2026-04-23 09:53:05
ALT-0164,TX-003538,Hamza Iqbal,Large Amount,Low,67,Noor F.,Resolved,1745,2026-04-23 12:53:05
ALT-0165,TX-004031,Hamza Sheikh,Device Change,Medium,63,Ali R.,Escalated,1028,2026-04-24 00:50:05
ALT-0166,TX-006318,Usman Syed,Velocity Spike,Medium,78,Sara K.,Resolved,2529,2026-04-22 23:49:05
ALT-0167,TX-003015,Hassan Malik,Chargeback Risk,High,25,Fatima S.,Escalated,279,2026-04-24 13:19:05
ALT-0168,TX-004451,Fatima Iqbal,Chargeback Risk,Medium,11,Ali R.,Open,2581,2026-04-22 22:57:05
ALT-0169,TX-008688,Zain Khan,Velocity Spike,Low,97,Noor F.,Investigating,2105,2026-04-23 06:53:05
ALT-0170,TX-000967,Ahmed Malik,Geo Mismatch,Low,97,Ahmed M.,Resolved,1444,2026-04-23 17:54:05
ALT-0171,TX-002476,Bilal Sheikh,Geo Mismatch,Critical,58,Sara K.,Open,345,2026-04-24 12:13:05
ALT-0172,TX-007663,Usman Raza,Chargeback Risk,Low,58,Ahmed M.,Resolved,1349,2026-04-23 19:29:05
ALT-0173,TX-000187,Mariam Syed,Large Amount,Critical,20,Sara K.,Open,1220,2026-04-23 21:38:05
ALT-0174,TX-008252,Noor Sheikh,Large Amount,Low,36,Fatima S.,Escalated,1789,2026-04-23 12:09:05
ALT-0175,TX-005461,Fatima Ansari,Device Change,Medium,22,Fatima S.,Open,1475,2026-04-23 17:23:05
ALT-0176,TX-006173,Ayesha Sheikh,Chargeback Risk,High,78,Ahmed M.,Escalated,1512,2026-04-23 16:46:05
ALT-0177,TX-002469,Sara Butt,Large Amount,Critical,41,Noor F.,Escalated,2446,2026-04-23 01:12:05
ALT-0178,TX-002187,Ali Butt,Chargeback Risk,Low,39,Ahmed M.,Investigating,561,2026-04-24 08:37:05
ALT-0179,TX-004746,Ayesha Malik,Geo Mismatch,Low,2,Ahmed M.,Resolved,2790,2026-04-22 19:28:05
ALT-0180,TX-009319,Ayesha Butt,Device Change,High,42,Noor F.,Open,1318,2026-04-23 20:00:05
ALT-0181,TX-001719,Bilal Sheikh,Large Amount,High,54,Fatima S.,Investigating,2036,2026-04-23 08:02:05
ALT-0182,TX-003355,Noor Ansari,Geo Mismatch,Low,2,Ali R.,Investigating,1857,2026-04-23 11:01:05
ALT-0183,TX-006415,Noor Farooq,Velocity Spike,Low,77,Ahmed M.,Investigating,1869,2026-04-23 10:49:05
ALT-0184,TX-008176,Noor Farooq,Large Amount,Critical,37,Sara K.,Investigating,1008,2026-04-24 01:10:05
ALT-0185,TX-003772,Hamza Ansari,Chargeback Risk,Medium,49,Sara K.,Investigating,667,2026-04-24 06:51:05
ALT-0186,TX-008165,Mariam Iqbal,Large Amount,Critical,81,Fatima S.,Escalated,2148,2026-04-23 06:10:05
ALT-0187,TX-001577,Noor Butt,Large Amount,High,32,Noor F.,Resolved,1969,2026-04-23 09:09:05
ALT-0188,TX-003119,Bilal Khan,Large Amount,Critical,79,Sara K.,Open,105,2026-04-24 16:13:05
ALT-0189,TX-009707,Bilal Sheikh,Device Change,High,28,Fatima S.,Escalated,1400,2026-04-23 18:38:05
ALT-0190,TX-004605,Ahmed Ansari,Large Amount,Low,2,Ahmed M.,Escalated,1725,2026-04-23 13:13:05
ALT-0191,TX-000891,Zain Syed,Chargeback Risk,Critical,53,Ali R.,Open,617,2026-04-24 07:41:05
ALT-0192,TX-000088,Mariam Sheikh,Device Change,Critical,70,Sara K.,Resolved,2695,2026-04-22 21:03:05
ALT-0193,TX-001294,Zain Raza,Velocity Spike,Critical,43,Sara K.,Resolved,1443,2026-04-23 17:55:05
ALT-0194,TX-007556,Bilal Iqbal,Chargeback Risk,Critical,26,Noor F.,Investigating,2340,2026-04-23 02:58:05
ALT-0195,TX-000291,Sara Iqbal,Device Change,High,54,Ahmed M.,Resolved,1872,2026-04-23 10:46:05
ALT-0196,TX-008483,Mariam Syed,Velocity Spike,Critical,70,Noor F.,Escalated,2838,2026-04-22 18:40:05
ALT-0197,TX-002430,Mariam Butt,Large Amount,Critical,64,Noor F.,Escalated,1498,2026-04-23 17:00:05
ALT-0198,TX-006151,Fatima Malik,Large Amount,Critical,31,Ahmed M.,Resolved,977,2026-04-24 01:41:05
ALT-0199,TX-007423,Mariam Khan,Chargeback Risk,Critical,92,Noor F.,Escalated,1078,2026-04-24 00:00:05
ALT-0200,TX-003567,Mariam Sheikh,Device Change,High,46,Sara K.,Resolved,1992,2026-04-23 08:46:05
ALT-0201,TX-007550,Usman Butt,Large Amount,Low,28,Fatima S.,Investigating,2673,2026-04-22 21:25:05
ALT-0202,TX-004143,Zain Sheikh,Device Change,High,48,Noor F.,Resolved,98,2026-04-24 16:20:05
ALT-0203,TX-001480,Sara Butt,Device Change,Medium,42,Fatima S.,Escalated,1608,2026-04-23 15:10:05
ALT-0204,TX-002117,Hamza Khan,Large Amount,Medium,88,Fatima S.,Investigating,83,2026-04-24 16:35:05
ALT-0205,TX-009963,Bilal Raza,Chargeback Risk,Medium,18,Ali R.,Resolved,2010,2026-04-23 08:28:05
ALT-0206,TX-008384,Usman Butt,Chargeback Risk,Low,42,Ahmed M.,Open,419,2026-04-24 10:59:05
ALT-0207,TX-000172,Sara Raza,Device Change,Low,24,Fatima S.,Resolved,144,2026-04-24 15:34:05
ALT-0208,TX-000941,Ahmed Syed,Chargeback Risk,Medium,88,Sara K.,Open,504,2026-04-24 09:34:05
ALT-0209,TX-005723,Noor Iqbal,Device Change,High,82,Noor F.,Investigating,1828,2026-04-23 11:30:05
ALT-0210,TX-008835,Sara Syed,Large Amount,Medium,8,Ahmed M.,Investigating,2700,2026-04-22 20:58:05
ALT-0211,TX-003506,Hassan Syed,Velocity Spike,Critical,14,Ali R.,Investigating,1388,2026-04-23 18:50:05
ALT-0212,TX-008821,Ayesha Iqbal,Geo Mismatch,High,82,Sara K.,Resolved,1010,2026-04-24 01:08:05
ALT-0213,TX-003645,Ayesha Sheikh,Geo Mismatch,Medium,29,Ali R.,Open,298,2026-04-24 13:00:05
ALT-0214,TX-003077,Hamza Syed,Chargeback Risk,Medium,92,Noor F.,Investigating,1557,2026-04-23 16:01:05
ALT-0215,TX-007048,Hassan Khan,Device Change,Medium,11,Noor F.,Resolved,1074,2026-04-24 00:04:05
ALT-0216,TX-002904,Hassan Ansari,Geo Mismatch,High,83,Ali R.,Escalated,1368,2026-04-23 19:10:05
ALT-0217,TX-002654,Zain Qureshi,Geo Mismatch,High,58,Noor F.,Investigating,63,2026-04-24 16:55:05
ALT-0218,TX-000401,Hamza Qureshi,Device Change,Critical,47,Ahmed M.,Escalated,938,2026-04-24 02:20:05
ALT-0219,TX-009859,Noor Syed,Chargeback Risk,Critical,4,Fatima S.,Open,929,2026-04-24 02:29:05
ALT-0220,TX-002048,Ahmed Ansari,Geo Mismatch,Low,3,Noor F.,Investigating,1053,2026-04-24 00:25:05
ALT-0221,TX-002138,Ali Farooq,Geo Mismatch,Medium,88,Fatima S.,Open,9,2026-04-24 17:49:05
ALT-0222,TX-004935,Ahmed Farooq,Device Change,Medium,82,Sara K.,Resolved,1687,2026-04-23 13:51:05
ALT-0223,TX-001679,Bilal Iqbal,Chargeback Risk,Low,80,Fatima S.,Resolved,2007,2026-04-23 08:31:05
ALT-0224,TX-007825,Ali Qureshi,Device Change,High,34,Sara K.,Open,1866,2026-04-23 10:52:05
ALT-0225,TX-009422,Fatima Syed,Geo Mismatch,Medium,61,Fatima S.,Open,2541,2026-04-22 23:37:05
ALT-0226,TX-009669,Hassan Raza,Device Change,Medium,15,Ahmed M.,Investigating,795,2026-04-24 04:43:05
ALT-0227,TX-003609,Fatima Iqbal,Large Amount,Critical,33,Sara K.,Open,1025,2026-04-24 00:53:05
ALT-0228,TX-005920,Zain Sheikh,Velocity Spike,Medium,84,Ahmed M.,Investigating,2506,2026-04-23 00:12:05
ALT-0229,TX-005953,Noor Butt,Geo Mismatch,Critical,15,Noor F.,Resolved,994,2026-04-24 01:24:05
ALT-0230,TX-002705,Hassan Syed,Velocity Spike,Critical,9,Noor F.,Escalated,1750,2026-04-23 12:48:05
ALT-0231,TX-000371,Zain Syed,Large Amount,Critical,42,Sara K.,Resolved,293,2026-04-24 13:05:05
ALT-0232,TX-000319,Ali Butt,Large Amount,Low,87,Ali R.,Escalated,1619,2026-04-23 14:59:05
ALT-0233,TX-000379,Ahmed Khan,Large Amount,Low,48,Ahmed M.,Investigating,1976,2026-04-23 09:02:05
ALT-0234,TX-007171,Fatima Raza,Chargeback Risk,High,6,Fatima S.,Resolved,624,2026-04-24 07:34:05
ALT-0235,TX-005935,Bilal Ansari,Velocity Spike,High,60,Fatima S.,Investigating,2375,2026-04-23 02:23:05
ALT-0236,TX-008439,Hassan Malik,Geo Mismatch,Low,24,Noor F.,Investigating,1931,2026-04-23 09:47:05
ALT-0237,TX-009341,Fatima Malik,Chargeback Risk,Low,29,Ahmed M.,Resolved,2226,2026-04-23 04:52:05
ALT-0238,TX-008350,Zain Ansari,Device Change,Critical,65,Sara K.,Escalated,2185,2026-04-23 05:33:05
ALT-0239,TX-009900,Hassan Iqbal,Device Change,Low,2,Noor F.,Investigating,1105,2026-04-23 23:33:05
ALT-0240,TX-001432,Noor Butt,Chargeback Risk,High,30,Noor F.,Investigating,811,2026-04-24 04:27:05
ALT-0241,TX-008752,Ayesha Qureshi,Velocity Spike,Medium,0,Noor F.,Escalated,2806,2026-04-22 19:12:05
ALT-0242,TX-001214,Ahmed Khan,Large Amount,Critical,50,Sara K.,Investigating,524,2026-04-24 09:14:05
ALT-0243,TX-007273,Hamza Farooq,Large Amount,Medium,97,Ali R.,Investigating,2860,2026-04-22 18:18:05
ALT-0244,TX-000573,Zain Sheikh,Geo Mismatch,Medium,32,Sara K.,Escalated,1836,2026-04-23 11:22:05
ALT-0245,TX-005049,Ayesha Raza,Geo Mismatch,Low,46,Fatima S.,Escalated,2608,2026-04-22 22:30:05
ALT-0246,TX-009854,Usman Ansari,Large Amount,Critical,1,Sara K.,Escalated,466,2026-04-24 10:12:05
ALT-0247,TX-002001,Usman Raza,Geo Mismatch,Low,53,Fatima S.,Resolved,623,2026-04-24 07:35:05
ALT-0248,TX-005806,Zain Ansari,Velocity Spike,High,76,Sara K.,Escalated,2443,2026-04-23 01:15:05
ALT-0249,TX-003479,Usman Sheikh,Device Change,High,77,Sara K.,Open,1707,2026-04-23 13:31:05
ALT-0250,TX-001691,Hassan Raza,Chargeback Risk,High,92,Ahmed M.,Resolved,178,2026-04-24 15:00:05
ALT-0251,TX-008724,Bilal Butt,Device Change,Medium,48,Sara K.,Investigating,1674,2026-04-23 14:04:05
ALT-0252,TX-004285,Sara Malik,Geo Mismatch,High,54,Sara K.,Open,997,2026-04-24 01:21:05
ALT-0253,TX-004797,Ahmed Iqbal,Large Amount,High,75,Noor F.,Open,2233,2026-04-23 04:45:05
ALT-0254,TX-006688,Bilal Malik,Chargeback Risk,Critical,1,Noor F.,Open,2692,2026-04-22 21:06:05
ALT-0255,TX-009821,Mariam Qureshi,Chargeback Risk,Critical,1,Sara K.,Resolved,1897,2026-04-23 10:21:05
ALT-0256,TX-009629,Ayesha Iqbal,Large Amount,Medium,60,Noor F.,Investigating,1257,2026-04-23 21:01:05
ALT-0257,TX-006449,Usman Khan,Velocity Spike,High,89,Ahmed M.,Escalated,1086,2026-04-23 23:52:05
ALT-0258,TX-009777,Ahmed Ansari,Chargeback Risk,Low,67,Ahmed M.,Escalated,1921,2026-04-23 09:57:05
ALT-0259,TX-004601,Ayesha Malik,Chargeback Risk,High,83,Ahmed M.,Investigating,534,2026-04-24 09:04:05
ALT-0260,TX-005838,Bilal Ansari,Velocity Spike,Medium,36,Fatima S.,Escalated,2334,2026-04-23 03:04:05
ALT-0261,TX-008923,Usman Farooq,Large Amount,Low,72,Noor F.,Escalated,193,2026-04-24 14:45:05
ALT-0262,TX-003505,Hassan Sheikh,Device Change,High,85,Fatima S.,Open,1155,2026-04-23 22:43:05
ALT-0263,TX-009808,Hassan Sheikh,Large Amount,High,14,Sara K.,Resolved,129,2026-04-24 15:49:05
ALT-0264,TX-006849,Fatima Ansari,Chargeback Risk,High,66,Fatima S.,Resolved,1133,2026-04-23 23:05:05
ALT-0265,TX-007706,Zain Malik,Chargeback Risk,Critical,91,Ahmed M.,Investigating,2149,2026-04-23 06:09:05
ALT-0266,TX-003989,Hamza Ansari,Chargeback Risk,Low,70,Ali R.,Resolved,957,2026-04-24 02:01:05
ALT-0267,TX-006750,Fatima Raza,Geo Mismatch,Medium,62,Ali R.,Resolved,1995,2026-04-23 08:43:05
ALT-0268,TX-000933,Bilal Syed,Device Change,Critical,99,Ahmed M.,Investigating,1526,2026-04-23 16:32:05
ALT-0269,TX-002797,Noor Butt,Device Change,Medium,8,Fatima S.,Open,2293,2026-04-23 03:45:05
ALT-0270,TX-008685,Sara Qureshi,Large Amount,Low,97,Noor F.,Open,1172,2026-04-23 22:26:05
ALT-0271,TX-007295,Hamza Farooq,Chargeback Risk,High,61,Fatima S.,Open,2071,2026-04-23 07:27:05
ALT-0272,TX-003134,Usman Khan,Geo Mismatch,Medium,73,Noor F.,Resolved,2664,2026-04-22 21:34:05
ALT-0273,TX-009033,Noor Malik,Velocity Spike,Critical,55,Noor F.,Open,1743,2026-04-23 12:55:05
ALT-0274,TX-002673,Usman Malik,Velocity Spike,Medium,55,Ali R.,Investigating,2175,2026-04-23 05:43:05
ALT-0275,TX-000385,Noor Qureshi,Velocity Spike,High,15,Noor F.,Open,884,2026-04-24 03:14:05
ALT-0276,TX-003252,Ali Butt,Device Change,Medium,7,Ahmed M.,Escalated,304,2026-04-24 12:54:05
ALT-0277,TX-004743,Usman Qureshi,Chargeback Risk,Low,42,Ali R.,Resolved,210,2026-04-24 14:28:05
ALT-0278,TX-003348,Ayesha Raza,Chargeback Risk,Medium,63,Ali R.,Investigating,1034,2026-04-24 00:44:05
ALT-0279,TX-003968,Ayesha Butt,Geo Mismatch,Low,44,Ali R.,Investigating,1971,2026-04-23 09:07:05
ALT-0280,TX-009592,Ahmed Butt,Device Change,Medium,4,Noor F.,Investigating,1726,2026-04-23 13:12:05
ALT-0281,TX-006251,Hamza Ansari,Device Change,High,54,Ali R.,Escalated,2812,2026-04-22 19:06:05
ALT-0282,TX-001110,Noor Sheikh,Chargeback Risk,Critical,44,Fatima S.,Resolved,46,2026-04-24 17:12:05
ALT-0283,TX-001723,Usman Farooq,Device Change,Low,90,Fatima S.,Resolved,1780,2026-04-23 12:18:05
ALT-0284,TX-005572,Hassan Sheikh,Device Change,Medium,31,Sara K.,Resolved,2089,2026-04-23 07:09:05
ALT-0285,TX-007581,Hassan Khan,Geo Mismatch,Medium,88,Fatima S.,Investigating,1300,2026-04-23 20:18:05
ALT-0286,TX-007971,Ahmed Butt,Device Change,Low,60,Fatima S.,Open,2023,2026-04-23 08:15:05
ALT-0287,TX-008032,Ali Ansari,Device Change,Critical,13,Ali R.,Investigating,681,2026-04-24 06:37:05
ALT-0288,TX-009136,Ali Ansari,Device Change,High,11,Noor F.,Escalated,2216,2026-04-23 05:02:05
ALT-0289,TX-008765,Mariam Sheikh,Large Amount,Medium,62,Noor F.,Escalated,425,2026-04-24 10:53:05
ALT-0290,TX-000869,Noor Farooq,Geo Mismatch,Low,66,Ahmed M.,Investigating,1308,2026-04-23 20:10:05
ALT-0291,TX-003540,Hassan Malik,Velocity Spike,Low,49,Ahmed M.,Open,2489,2026-04-23 00:29:05
ALT-0292,TX-006250,Bilal Butt,Geo Mismatch,High,5,Noor F.,Open,2632,2026-04-22 22:06:05
ALT-0293,TX-004782,Hamza Ansari,Device Change,Medium,99,Sara K.,Open,2604,2026-04-22 22:34:05
ALT-0294,TX-004601,Ayesha Malik,Velocity Spike,Critical,83,Ahmed M.,Investigating,2147,2026-04-23 06:11:05
ALT-0295,TX-004383,Noor Iqbal,Device Change,High,14,Ahmed M.,Resolved,2300,2026-04-23 03:38:05
ALT-0296,TX-000110,Ali Farooq,Large Amount,High,84,Sara K.,Escalated,2449,2026-04-23 01:09:05
ALT-0297,TX-006933,Fatima Malik,Large Amount,Low,28,Fatima S.,Resolved,1544,2026-04-23 16:14:05
ALT-0298,TX-003205,Usman Qureshi,Device Change,High,88,Sara K.,Open,372,2026-04-24 11:46:05
ALT-0299,TX-002574,Ayesha Sheikh,Device Change,High,52,Ali R.,Resolved,1011,2026-04-24 01:07:05
ALT-0300,TX-004585,Ayesha Raza,Device Change,High,49,Sara K.,Investigating,1042,2026-04-24 00:36:05
ALT-0301,TX-003097,Zain Khan,Chargeback Risk,Critical,65,Fatima S.,Open,406,2026-04-24 11:12:05
ALT-0302,TX-007177,Hassan Raza,Large Amount,High,22,Noor F.,Resolved,1297,2026-04-23 20:21:05
ALT-0303,TX-008199,Ahmed Malik,Geo Mismatch,Medium,7,Sara K.,Investigating,1782,2026-04-23 12:16:05
ALT-0304,TX-006034,Ali Sheikh,Device Change,Medium,25,Ahmed M.,Investigating,2801,2026-04-22 19:17:05
ALT-0305,TX-005511,Mariam Syed,Large Amount,Medium,95,Ahmed M.,Escalated,2394,2026-04-23 02:04:05
ALT-0306,TX-005586,Mariam Qureshi,Large Amount,Low,0,Sara K.,Escalated,673,2026-04-24 06:45:05
ALT-0307,TX-004507,Usman Iqbal,Device Change,High,93,Ahmed M.,Investigating,1247,2026-04-23 21:11:05
ALT-0308,TX-008918,Sara Qureshi,Chargeback Risk,Low,10,Ali R.,Investigating,334,2026-04-24 12:24:05
ALT-0309,TX-003296,Fatima Syed,Geo Mismatch,Low,89,Ahmed M.,Open,2052,2026-04-23 07:46:05
ALT-0310,TX-005810,Zain Ansari,Chargeback Risk,Critical,51,Fatima S.,Resolved,1809,2026-04-23 11:49:05
ALT-0311,TX-008835,Sara Syed,Chargeback Risk,Critical,8,Ali R.,Escalated,2462,2026-04-23 00:56:05
ALT-0312,TX-009211,Hassan Sheikh,Chargeback Risk,Medium,93,Sara K.,Resolved,1688,2026-04-23 13:50:05
ALT-0313,TX-005587,Fatima Raza,Chargeback Risk,Critical,26,Noor F.,Investigating,1823,2026-04-23 11:35:05
ALT-0314,TX-009657,Usman Raza,Large Amount,Medium,56,Ahmed M.,Open,991,2026-04-24 01:27:05
ALT-0315,TX-009500,Sara Iqbal,Large Amount,Low,60,Noor F.,Open,528,2026-04-24 09:10:05
ALT-0316,TX-008916,Ayesha Butt,Device Change,Critical,5,Sara K.,Resolved,1246,2026-04-23 21:12:05
ALT-0317,TX-002620,Usman Malik,Device Change,Critical,65,Ahmed M.,Open,2421,2026-04-23 01:37:05
ALT-0318,TX-007451,Ayesha Malik,Geo Mismatch,High,61,Noor F.,Escalated,775,2026-04-24 05:03:05
ALT-0319,TX-000937,Mariam Raza,Device Change,High,80,Noor F.,Investigating,1397,2026-04-23 18:41:05
ALT-0320,TX-001713,Mariam Raza,Velocity Spike,High,38,Ali R.,Escalated,2101,2026-04-23 06:57:05
ALT-0321,TX-009473,Ayesha Malik,Geo Mismatch,Medium,77,Ahmed M.,Open,357,2026-04-24 12:01:05
ALT-0322,TX-001124,Ahmed Sheikh,Device Change,Medium,5,Ahmed M.,Resolved,1038,2026-04-24 00:40:05
ALT-0323,TX-004179,Ayesha Sheikh,Geo Mismatch,Low,71,Ahmed M.,Investigating,1671,2026-04-23 14:07:05
ALT-0324,TX-006797,Hamza Iqbal,Large Amount,Low,18,Fatima S.,Investigating,952,2026-04-24 02:06:05
ALT-0325,TX-005811,Ayesha Qureshi,Large Amount,Medium,19,Sara K.,Investigating,1018,2026-04-24 01:00:05
ALT-0326,TX-001742,Ahmed Syed,Velocity Spike,High,94,Ahmed M.,Open,1358,2026-04-23 19:20:05
ALT-0327,TX-001366,Zain Sheikh,Chargeback Risk,Medium,94,Ali R.,Investigating,2087,2026-04-23 07:11:05
ALT-0328,TX-005689,Ahmed Khan,Large Amount,High,70,Fatima S.,Open,1529,2026-04-23 16:29:05
ALT-0329,TX-003953,Fatima Farooq,Large Amount,Medium,60,Ahmed M.,Escalated,2148,2026-04-23 06:10:05
ALT-0330,TX-009678,Hassan Farooq,Chargeback Risk,Critical,3,Ahmed M.,Resolved,1650,2026-04-23 14:28:05
ALT-0331,TX-007213,Sara Sheikh,Large Amount,Medium,6,Noor F.,Resolved,727,2026-04-24 05:51:05
ALT-0332,TX-002016,Ali Raza,Device Change,High,69,Ali R.,Escalated,1128,2026-04-23 23:10:05
ALT-0333,TX-001363,Ayesha Khan,Geo Mismatch,Critical,87,Fatima S.,Resolved,2129,2026-04-23 06:29:05
ALT-0334,TX-008694,Mariam Malik,Velocity Spike,High,75,Sara K.,Open,1363,2026-04-23 19:15:05
ALT-0335,TX-006429,Usman Butt,Velocity Spike,Critical,2,Ahmed M.,Investigating,1442,2026-04-23 17:56:05
ALT-0336,TX-004396,Ahmed Raza,Geo Mismatch,High,59,Ali R.,Escalated,2326,2026-04-23 03:12:05
ALT-0337,TX-003081,Bilal Syed,Geo Mismatch,Low,40,Sara K.,Open,888,2026-04-24 03:10:05
ALT-0338,TX-004067,Hassan Farooq,Device Change,Low,6,Ahmed M.,Investigating,249,2026-04-24 13:49:05
ALT-0339,TX-003223,Usman Khan,Geo Mismatch,High,99,Sara K.,Escalated,1388,2026-04-23 18:50:05
ALT-0340,TX-007221,Fatima Sheikh,Velocity Spike,High,63,Fatima S.,Open,105,2026-04-24 16:13:05
ALT-0341,TX-006901,Fatima Khan,Device Change,Low,92,Sara K.,Investigating,1749,2026-04-23 12:49:05
ALT-0342,TX-009277,Ayesha Khan,Geo Mismatch,Low,57,Noor F.,Investigating,805,2026-04-24 04:33:05
ALT-0343,TX-002666,Ahmed Iqbal,Large Amount,Medium,95,Noor F.,Open,33,2026-04-24 17:25:05
ALT-0344,TX-005436,Hassan Malik,Chargeback Risk,Critical,85,Ali R.,Escalated,2423,2026-04-23 01:35:05
ALT-0345,TX-008494,Fatima Sheikh,Velocity Spike,High,77,Noor F.,Escalated,31,2026-04-24 17:27:05
ALT-0346,TX-008683,Sara Syed,Geo Mismatch,Medium,88,Fatima S.,Investigating,682,2026-04-24 06:36:05
ALT-0347,TX-009020,Noor Ansari,Large Amount,Critical,52,Ali R.,Escalated,1234,2026-04-23 21:24:05
ALT-0348,TX-009266,Bilal Sheikh,Geo Mismatch,Low,4,Ahmed M.,Resolved,266,2026-04-24 13:32:05
ALT-0349,TX-000299,Ahmed Farooq,Chargeback Risk,Low,98,Noor F.,Resolved,229,2026-04-24 14:09:05
ALT-0350,TX-001591,Mariam Malik,Chargeback Risk,High,14,Sara K.,Investigating,1717,2026-04-23 13:21:05
ALT-0351,TX-005116,Ayesha Syed,Velocity Spike,Medium,31,Sara K.,Escalated,1187,2026-04-23 22:11:05
ALT-0352,TX-005095,Ahmed Khan,Large Amount,High,49,Ahmed M.,Open,313,2026-04-24 12:45:05
ALT-0353,TX-006953,Hassan Farooq,Device Change,Medium,46,Ahmed M.,Investigating,1396,2026-04-23 18:42:05
ALT-0354,TX-006294,Ahmed Sheikh,Large Amount,Medium,35,Ahmed M.,Open,248,2026-04-24 13:50:05
ALT-0355,TX-008016,Bilal Raza,Chargeback Risk,Low,55,Ali R.,Escalated,1157,2026-04-23 22:41:05
ALT-0356,TX-008804,Hamza Khan,Large Amount,Medium,9,Ali R.,Resolved,1111,2026-04-23 23:27:05
ALT-0357,TX-007712,Hassan Syed,Velocity Spike,High,83,Ahmed M.,Escalated,301,2026-04-24 12:57:05
ALT-0358,TX-006760,Bilal Qureshi,Geo Mismatch,Low,64,Ali R.,Investigating,1572,2026-04-23 15:46:05
ALT-0359,TX-004305,Zain Syed,Chargeback Risk,Medium,0,Ali R.,Open,1448,2026-04-23 17:50:05
ALT-0360,TX-008286,Sara Raza,Geo Mismatch,Critical,88,Fatima S.,Escalated,858,2026-04-24 03:40:05
ALT-0361,TX-008141,Hassan Farooq,Velocity Spike,Medium,87,Noor F.,Resolved,189,2026-04-24 14:49:05
ALT-0362,TX-008849,Zain Ansari,Chargeback Risk,Low,71,Fatima S.,Resolved,1542,2026-04-23 16:16:05
ALT-0363,TX-001372,Hassan Iqbal,Device Change,High,7,Ahmed M.,Resolved,2260,2026-04-23 04:18:05
ALT-0364,TX-004091,Usman Farooq,Chargeback Risk,Medium,76,Noor F.,Open,1640,2026-04-23 14:38:05
ALT-0365,TX-008698,Usman Ansari,Geo Mismatch,High,45,Noor F.,Open,1400,2026-04-23 18:38:05
ALT-0366,TX-009607,Bilal Raza,Device Change,Low,77,Sara K.,Escalated,2653,2026-04-22 21:45:05
ALT-0367,TX-000738,Hamza Farooq,Geo Mismatch,Low,69,Ali R.,Investigating,410,2026-04-24 11:08:05
ALT-0368,TX-009005,Usman Butt,Chargeback Risk,Low,22,Sara K.,Investigating,196,2026-04-24 14:42:05
ALT-0369,TX-007932,Ayesha Malik,Device Change,High,63,Sara K.,Open,1102,2026-04-23 23:36:05
ALT-0370,TX-008753,Ali Sheikh,Chargeback Risk,Critical,63,Fatima S.,Open,836,2026-04-24 04:02:05
ALT-0371,TX-003235,Sara Raza,Velocity Spike,Critical,78,Ahmed M.,Investigating,2133,2026-04-23 06:25:05
ALT-0372,TX-000706,Sara Ansari,Device Change,Critical,4,Sara K.,Open,1293,2026-04-23 20:25:05
ALT-0373,TX-005187,Sara Iqbal,Device Change,Medium,93,Sara K.,Escalated,2717,2026-04-22 20:41:05
ALT-0374,TX-009527,Zain Raza,Geo Mismatch,Critical,6,Sara K.,Open,2274,2026-04-23 04:04:05
ALT-0375,TX-005743,Fatima Butt,Device Change,High,80,Noor F.,Investigating,2599,2026-04-22 22:39:05
ALT-0376,TX-004908,Mariam Iqbal,Device Change,Critical,59,Ahmed M.,Resolved,2780,2026-04-22 19:38:05
ALT-0377,TX-000673,Bilal Butt,Large Amount,Low,11,Noor F.,Escalated,588,2026-04-24 08:10:05
ALT-0378,TX-008736,Fatima Iqbal,Velocity Spike,High,85,Fatima S.,Investigating,2243,2026-04-23 04:35:05
ALT-0379,TX-002886,Fatima Butt,Chargeback Risk,Low,50,Ahmed M.,Escalated,2416,2026-04-23 01:42:05
ALT-0380,TX-004919,Fatima Qureshi,Geo Mismatch,High,60,Noor F.,Investigating,595,2026-04-24 08:03:05
ALT-0381,TX-004688,Noor Butt,Velocity Spike,Critical,3,Fatima S.,Resolved,2318,2026-04-23 03:20:05
ALT-0382,TX-001523,Hamza Iqbal,Device Change,Low,22,Fatima S.,Open,934,2026-04-24 02:24:05
ALT-0383,TX-003715,Ayesha Ansari,Velocity Spike,Critical,46,Ali R.,Escalated,1309,2026-04-23 20:09:05
ALT-0384,TX-005252,Mariam Malik,Chargeback Risk,High,17,Ahmed M.,Resolved,693,2026-04-24 06:25:05
ALT-0385,TX-006195,Bilal Farooq,Chargeback Risk,Medium,95,Ahmed M.,Escalated,1067,2026-04-24 00:11:05
ALT-0386,TX-003283,Noor Khan,Device Change,Medium,0,Ali R.,Escalated,1116,2026-04-23 23:22:05
ALT-0387,TX-007744,Ahmed Raza,Large Amount,Low,86,Ali R.,Resolved,2699,2026-04-22 20:59:05
ALT-0388,TX-009294,Hassan Khan,Geo Mismatch,Critical,73,Ali R.,Open,602,2026-04-24 07:56:05
ALT-0389,TX-001495,Ayesha Syed,Velocity Spike,Critical,10,Ali R.,Resolved,4,2026-04-24 17:54:05
ALT-0390,TX-009548,Noor Syed,Large Amount,Critical,62,Sara K.,Escalated,763,2026-04-24 05:15:05
ALT-0391,TX-002700,Zain Iqbal,Velocity Spike,Critical,44,Fatima S.,Resolved,1955,2026-04-23 09:23:05
ALT-0392,TX-001830,Usman Farooq,Chargeback Risk,Low,97,Ali R.,Resolved,877,2026-04-24 03:21:05
ALT-0393,TX-007155,Sara Qureshi,Velocity Spike,Critical,30,Noor F.,Resolved,568,2026-04-24 08:30:05
ALT-0394,TX-006661,Usman Raza,Large Amount,Low,39,Noor F.,Escalated,1425,2026-04-23 18:13:05
ALT-0395,TX-002009,Hamza Syed,Large Amount,Medium,55,Noor F.,Open,2683,2026-04-22 21:15:05
ALT-0396,TX-007144,Mariam Sheikh,Geo Mismatch,High,82,Ali R.,Open,238,2026-04-24 14:00:05
ALT-0397,TX-001754,Ayesha Khan,Geo Mismatch,Medium,60,Noor F.,Resolved,406,2026-04-24 11:12:05
ALT-0398,TX-008121,Ahmed Khan,Velocity Spike,High,67,Ahmed M.,Resolved,1987,2026-04-23 08:51:05
ALT-0399,TX-008422,Hassan Sheikh,Velocity Spike,High,34,Ali R.,Investigating,2284,2026-04-23 03:54:05
ALT-0400,TX-004197,Ali Butt,Geo Mismatch,High,29,Noor F.,Resolved,877,2026-04-24 03:21:05
ALT-0401,TX-003171,Ali Khan,Device Change,Low,66,Ahmed M.,Open,2460,2026-04-23 00:58:05
ALT-0402,TX-001285,Mariam Ansari,Large Amount,Medium,73,Fatima S.,Open,2698,2026-04-22 21:00:05
ALT-0403,TX-008543,Usman Raza,Device Change,High,52,Sara K.,Resolved,1074,2026-04-24 00:04:05
ALT-0404,TX-002563,Sara Sheikh,Device Change,Medium,75,Ahmed M.,Escalated,776,2026-04-24 05:02:05
ALT-0405,TX-009192,Usman Syed,Large Amount,Low,3,Fatima S.,Escalated,2668,2026-04-22 21:30:05
ALT-0406,TX-005981,Ayesha Butt,Chargeback Risk,Medium,17,Ali R.,Resolved,1646,2026-04-23 14:32:05
ALT-0407,TX-001209,Bilal Malik,Large Amount,Low,92,Ahmed M.,Open,1807,2026-04-23 11:51:05
ALT-0408,TX-000411,Ahmed Khan,Chargeback Risk,High,1,Ali R.,Open,2053,2026-04-23 07:45:05
ALT-0409,TX-003025,Hassan Sheikh,Geo Mismatch,Medium,84,Noor F.,Escalated,1080,2026-04-23 23:58:05
ALT-0410,TX-006604,Hassan Butt,Large Amount,Medium,88,Sara K.,Open,10,2026-04-24 17:48:05
ALT-0411,TX-001635,Ayesha Ansari,Velocity Spike,Medium,58,Ali R.,Investigating,169,2026-04-24 15:09:05
ALT-0412,TX-003583,Ali Raza,Geo Mismatch,Low,42,Sara K.,Open,1512,2026-04-23 16:46:05
ALT-0413,TX-008915,Usman Farooq,Large Amount,Critical,33,Ahmed M.,Open,180,2026-04-24 14:58:05
ALT-0414,TX-006528,Usman Butt,Geo Mismatch,Critical,98,Noor F.,Resolved,1637,2026-04-23 14:41:05
ALT-0415,TX-004042,Ali Raza,Chargeback Risk,Low,81,Sara K.,Resolved,938,2026-04-24 02:20:05
ALT-0416,TX-005728,Hassan Raza,Device Change,Critical,83,Noor F.,Escalated,2804,2026-04-22 19:14:05
ALT-0417,TX-006394,Ahmed Qureshi,Large Amount,Medium,91,Ahmed M.,Open,1166,2026-04-23 22:32:05
ALT-0418,TX-007885,Ali Syed,Large Amount,High,71,Ali R.,Investigating,1699,2026-04-23 13:39:05
ALT-0419,TX-005337,Hassan Syed,Device Change,Critical,99,Ali R.,Open,1178,2026-04-23 22:20:05
ALT-0420,TX-007799,Fatima Qureshi,Device Change,High,71,Ali R.,Resolved,1497,2026-04-23 17:01:05
ALT-0421,TX-004496,Noor Qureshi,Device Change,Medium,17,Ahmed M.,Investigating,2813,2026-04-22 19:05:05
ALT-0422,TX-007287,Zain Iqbal,Device Change,Medium,56,Ali R.,Open,80,2026-04-24 16:38:05
ALT-0423,TX-001153,Ahmed Khan,Geo Mismatch,Low,36,Ali R.,Resolved,263,2026-04-24 13:35:05
ALT-0424,TX-002593,Noor Syed,Geo Mismatch,Critical,50,Noor F.,Escalated,497,2026-04-24 09:41:05
ALT-0425,TX-006442,Ahmed Syed,Chargeback Risk,Critical,56,Ahmed M.,Open,1184,2026-04-23 22:14:05
ALT-0426,TX-001554,Sara Qureshi,Velocity Spike,Medium,5,Ahmed M.,Resolved,223,2026-04-24 14:15:05
ALT-0427,TX-006239,Usman Qureshi,Large Amount,High,37,Ali R.,Escalated,1186,2026-04-23 22:12:05
ALT-0428,TX-004233,Bilal Ansari,Device Change,High,43,Sara K.,Investigating,843,2026-04-24 03:55:05
ALT-0429,TX-006023,Mariam Sheikh,Velocity Spike,Medium,17,Ali R.,Open,2601,2026-04-22 22:37:05
ALT-0430,TX-005180,Noor Farooq,Device Change,Medium,54,Noor F.,Escalated,1585,2026-04-23 15:33:05
ALT-0431,TX-004708,Hamza Farooq,Large Amount,Critical,14,Ali R.,Resolved,2586,2026-04-22 22:52:05
ALT-0432,TX-008024,Ahmed Farooq,Velocity Spike,Medium,17,Sara K.,Escalated,1989,2026-04-23 08:49:05
ALT-0433,TX-000987,Usman Ansari,Geo Mismatch,Critical,7,Noor F.,Resolved,534,2026-04-24 09:04:05
ALT-0434,TX-004331,Hamza Iqbal,Velocity Spike,Critical,4,Sara K.,Investigating,529,2026-04-24 09:09:05
ALT-0435,TX-001439,Usman Butt,Chargeback Risk,Low,65,Noor F.,Resolved,2695,2026-04-22 21:03:05
ALT-0436,TX-009819,Ayesha Farooq,Velocity Spike,High,2,Noor F.,Open,2157,2026-04-23 06:01:05
ALT-0437,TX-004616,Ali Malik,Large Amount,Low,69,Fatima S.,Escalated,2830,2026-04-22 18:48:05
ALT-0438,TX-002909,Ahmed Butt,Geo Mismatch,Critical,77,Ali R.,Investigating,960,2026-04-24 01:58:05
ALT-0439,TX-009135,Usman Khan,Velocity Spike,High,41,Ali R.,Open,2521,2026-04-22 23:57:05
ALT-0440,TX-000083,Hamza Butt,Chargeback Risk,Low,56,Ali R.,Open,67,2026-04-24 16:51:05
ALT-0441,TX-006027,Fatima Syed,Device Change,High,52,Ahmed M.,Resolved,1844,2026-04-23 11:14:05
ALT-0442,TX-007739,Hamza Raza,Velocity Spike,High,90,Fatima S.,Resolved,1233,2026-04-23 21:25:05
ALT-0443,TX-007814,Ali Butt,Geo Mismatch,Low,39,Sara K.,Resolved,349,2026-04-24 12:09:05
ALT-0444,TX-009145,Ali Butt,Geo Mismatch,Critical,94,Sara K.,Resolved,2368,2026-04-23 02:30:05
ALT-0445,TX-006332,Usman Malik,Geo Mismatch,High,34,Sara K.,Escalated,2311,2026-04-23 03:27:05
ALT-0446,TX-003468,Ayesha Raza,Device Change,Low,62,Sara K.,Open,2136,2026-04-23 06:22:05
ALT-0447,TX-006100,Ahmed Qureshi,Chargeback Risk,Critical,78,Ahmed M.,Open,2506,2026-04-23 00:12:05
ALT-0448,TX-005306,Zain Syed,Device Change,High,34,Ali R.,Open,997,2026-04-24 01:21:05
ALT-0449,TX-003814,Bilal Ansari,Device Change,Critical,80,Ali R.,Open,1115,2026-04-23 23:23:05
ALT-0450,TX-002320,Ali Farooq,Large Amount,Critical,31,Fatima S.,Open,1701,2026-04-23 13:37:05
ALT-0451,TX-006560,Ahmed Qureshi,Velocity Spike,Critical,96,Ahmed M.,Open,105,2026-04-24 16:13:05
ALT-0452,TX-004488,Bilal Khan,Device Change,High,54,Noor F.,Open,1183,2026-04-23 22:15:05
ALT-0453,TX-007314,Ahmed Khan,Geo Mismatch,Critical,8,Fatima S.,Open,2399,2026-04-23 01:59:05
ALT-0454,TX-005003,Fatima Raza,Large Amount,Critical,28,Fatima S.,Escalated,1452,2026-04-23 17:46:05
ALT-0455,TX-008952,Fatima Iqbal,Chargeback Risk,High,95,Fatima S.,Escalated,1684,2026-04-23 13:54:05
ALT-0456,TX-009575,Ahmed Malik,Large Amount,Low,15,Sara K.,Escalated,440,2026-04-24 10:38:05
ALT-0457,TX-009797,Mariam Raza,Device Change,Medium,56,Ahmed M.,Escalated,700,2026-04-24 06:18:05
ALT-0458,TX-005576,Usman Malik,Chargeback Risk,High,66,Sara K.,Open,124,2026-04-24 15:54:05
ALT-0459,TX-004915,Ahmed Syed,Velocity Spike,Low,47,Ahmed M.,Open,590,2026-04-24 08:08:05
ALT-0460,TX-004823,Usman Khan,Large Amount,Low,44,Ali R.,Escalated,113,2026-04-24 16:05:05
ALT-0461,TX-000739,Noor Sheikh,Geo Mismatch,High,77,Noor F.,Escalated,2140,2026-04-23 06:18:05
ALT-0462,TX-008323,Fatima Syed,Geo Mismatch,Low,77,Noor F.,Resolved,771,2026-04-24 05:07:05
ALT-0463,TX-009536,Sara Malik,Geo Mismatch,Low,73,Ali R.,Escalated,495,2026-04-24 09:43:05
ALT-0464,TX-007711,Fatima Qureshi,Device Change,Critical,3,Sara K.,Resolved,2199,2026-04-23 05:19:05
ALT-0465,TX-002193,Zain Iqbal,Device Change,Critical,10,Fatima S.,Open,2473,2026-04-23 00:45:05
ALT-0466,TX-006890,Zain Raza,Device Change,Low,28,Noor F.,Escalated,2702,2026-04-22 20:56:05
ALT-0467,TX-006541,Ayesha Malik,Geo Mismatch,Medium,48,Ahmed M.,Resolved,2565,2026-04-22 23:13:05
ALT-0468,TX-000464,Fatima Iqbal,Geo Mismatch,High,77,Ali R.,Resolved,1534,2026-04-23 16:24:05
ALT-0469,TX-007602,Fatima Ansari,Device Change,High,26,Sara K.,Resolved,2218,2026-04-23 05:00:05
ALT-0470,TX-000698,Usman Khan,Geo Mismatch,Critical,72,Sara K.,Investigating,718,2026-04-24 06:00:05
ALT-0471,TX-006954,Usman Ansari,Chargeback Risk,High,51,Ali R.,Investigating,337,2026-04-24 12:21:05
ALT-0472,TX-008757,Mariam Qureshi,Chargeback Risk,Low,67,Fatima S.,Investigating,1576,2026-04-23 15:42:05
ALT-0473,TX-000567,Hassan Syed,Device Change,High,37,Fatima S.,Open,1390,2026-04-23 18:48:05
ALT-0474,TX-005247,Sara Sheikh,Velocity Spike,Low,48,Sara K.,Resolved,1932,2026-04-23 09:46:05
ALT-0475,TX-002492,Hassan Butt,Large Amount,Medium,89,Noor F.,Investigating,984,2026-04-24 01:34:05
ALT-0476,TX-002271,Usman Ansari,Chargeback Risk,High,42,Fatima S.,Escalated,2685,2026-04-22 21:13:05
ALT-0477,TX-004433,Ali Iqbal,Large Amount,Low,58,Ali R.,Escalated,1962,2026-04-23 09:16:05
ALT-0478,TX-009067,Hassan Sheikh,Device Change,Low,25,Ahmed M.,Investigating,2592,2026-04-22 22:46:05
ALT-0479,TX-001034,Bilal Ansari,Device Change,High,22,Ahmed M.,Open,2079,2026-04-23 07:19:05
ALT-0480,TX-004629,Ayesha Khan,Geo Mismatch,High,30,Sara K.,Investigating,1966,2026-04-23 09:12:05
ALT-0481,TX-009822,Hamza Butt,Large Amount,Critical,18,Ali R.,Investigating,652,2026-04-24 07:06:05
ALT-0482,TX-002197,Hamza Sheikh,Chargeback Risk,High,11,Noor F.,Escalated,1575,2026-04-23 15:43:05
ALT-0483,TX-002585,Ayesha Raza,Large Amount,Medium,7,Sara K.,Investigating,2821,2026-04-22 18:57:05
ALT-0484,TX-008549,Hamza Raza,Velocity Spike,High,14,Fatima S.,Resolved,956,2026-04-24 02:02:05
ALT-0485,TX-006426,Hamza Butt,Velocity Spike,Medium,4,Sara K.,Investigating,567,2026-04-24 08:31:05
ALT-0486,TX-003678,Hassan Iqbal,Large Amount,Medium,18,Ahmed M.,Open,848,2026-04-24 03:50:05
ALT-0487,TX-009912,Mariam Butt,Device Change,Critical,61,Ali R.,Escalated,882,2026-04-24 03:16:05
ALT-0488,TX-007734,Mariam Butt,Velocity Spike,Critical,31,Sara K.,Open,853,2026-04-24 03:45:05
ALT-0489,TX-004382,Bilal Raza,Device Change,Critical,6,Sara K.,Escalated,1703,2026-04-23 13:35:05
ALT-0490,TX-007747,Hamza Sheikh,Geo Mismatch,Low,59,Ali R.,Investigating,1131,2026-04-23 23:07:05
ALT-0491,TX-009902,Ahmed Butt,Geo Mismatch,Medium,70,Sara K.,Escalated,2392,2026-04-23 02:06:05
ALT-0492,TX-008872,Ahmed Raza,Velocity Spike,Medium,27,Fatima S.,Investigating,1286,2026-04-23 20:32:05
ALT-0493,TX-006538,Hassan Butt,Chargeback Risk,Low,14,Ahmed M.,Open,1124,2026-04-23 23:14:05
ALT-0494,TX-004546,Ahmed Ansari,Chargeback Risk,Low,51,Fatima S.,Escalated,1707,2026-04-23 13:31:05
ALT-0495,TX-004767,Bilal Iqbal,Chargeback Risk,Medium,0,Noor F.,Investigating,87,2026-04-24 16:31:05
ALT-0496,TX-009815,Ahmed Butt,Velocity Spike,Critical,11,Sara K.,Open,2752,2026-04-22 20:06:05
ALT-0497,TX-003171,Ali Khan,Device Change,Low,66,Ahmed M.,Resolved,585,2026-04-24 08:13:05
ALT-0498,TX-001942,Ahmed Syed,Device Change,Low,4,Sara K.,Investigating,973,2026-04-24 01:45:05
ALT-0499,TX-002162,Ali Syed,Velocity Spike,High,6,Ali R.,Open,2421,2026-04-23 01:37:05
ALT-0500,TX-006187,Ali Ansari,Geo Mismatch,Low,3,Noor F.,Resolved,630,2026-04-24 07:28:05
