alert_id,transaction_id,severity,alert_type,queue_status,analyst_id,created_at
1,101,high,high_value,open,471,2025-11-02 17:46:35
2,787,medium,high_value,open,987,2026-02-04 05:30:41
3,725,low,location_mismatch,closed,54,2025-12-06 22:31:07
4,27,medium,new_device,closed,248,2025-08-25 07:30:16
5,869,high,high_value,closed,181,2025-07-17 08:54:55
6,265,low,velocity,in_progress,667,2025-03-18 11:39:15
7,994,low,velocity,closed,385,2025-10-20 02:31:22
8,110,critical,velocity,in_progress,832,2025-12-24 09:25:40
9,835,medium,new_device,closed,84,2025-08-06 01:15:46
10,442,high,location_mismatch,open,160,2025-01-28 13:56:06
11,973,medium,new_device,closed,712,2025-09-15 10:59:56
12,170,medium,location_mismatch,open,884,2026-01-28 04:06:31
13,473,medium,location_mismatch,closed,43,2025-07-07 09:45:09
14,956,high,velocity,open,197,2025-01-27 23:59:35
15,749,critical,high_value,closed,502,2025-08-12 01:50:14
16,263,low,high_value,closed,706,2025-10-20 12:18:16
17,109,medium,location_mismatch,closed,224,2025-02-10 15:15:37
18,99,low,high_value,in_progress,872,2025-06-11 01:56:29
19,395,high,location_mismatch,open,538,2026-04-14 08:55:56
20,488,critical,high_value,in_progress,231,2025-08-22 15:40:19
21,91,high,high_value,in_progress,717,2025-09-04 19:53:31
22,694,high,velocity,open,993,2025-10-26 03:23:01
23,178,medium,new_device,closed,1,2025-03-16 21:15:41
24,708,critical,velocity,open,888,2025-11-18 03:56:38
25,820,high,location_mismatch,closed,478,2025-08-12 06:30:29
26,326,critical,high_value,open,728,2025-08-08 17:16:48
27,690,critical,new_device,open,345,2026-02-03 11:30:50
28,973,high,high_value,open,993,2026-03-19 05:27:11
29,541,medium,velocity,in_progress,235,2025-06-06 19:36:07
30,133,low,location_mismatch,in_progress,208,2025-02-27 09:38:07
31,288,medium,high_value,in_progress,288,2025-11-24 22:22:23
32,768,high,new_device,closed,829,2025-12-14 21:31:36
33,769,critical,location_mismatch,closed,697,2025-12-10 00:32:53
34,82,critical,high_value,closed,31,2025-08-06 15:53:17
35,18,critical,high_value,closed,624,2025-12-02 15:23:22
36,477,high,location_mismatch,in_progress,961,2025-03-17 10:56:00
37,649,medium,high_value,closed,511,2025-03-17 19:54:36
38,16,medium,new_device,open,515,2025-03-12 08:04:31
39,47,medium,velocity,closed,568,2025-12-18 18:05:01
40,392,medium,location_mismatch,open,462,2025-08-16 23:07:20
41,445,medium,new_device,in_progress,105,2026-01-28 09:23:42
42,140,medium,location_mismatch,open,211,2026-04-24 18:15:55
43,766,critical,high_value,in_progress,220,2025-12-07 18:13:07
44,929,low,high_value,open,545,2026-01-16 07:17:52
45,232,low,high_value,in_progress,347,2025-07-13 04:50:13
46,279,low,location_mismatch,in_progress,342,2025-01-26 22:53:14
47,699,medium,location_mismatch,open,64,2025-01-05 21:27:47
48,934,high,high_value,closed,472,2025-08-11 13:25:48
49,710,low,new_device,open,454,2026-02-09 17:56:06
50,255,high,high_value,in_progress,236,2025-09-25 07:19:53
51,966,low,velocity,closed,679,2025-05-07 07:25:08
52,707,high,location_mismatch,closed,164,2025-08-12 15:33:58
53,882,high,velocity,closed,135,2026-03-05 10:57:31
54,350,critical,high_value,open,260,2025-11-17 07:54:44
55,280,medium,high_value,in_progress,826,2025-02-25 17:20:16
56,687,high,new_device,open,971,2026-02-17 13:45:09
57,845,high,location_mismatch,open,622,2025-05-19 21:43:47
58,316,low,new_device,closed,387,2025-06-16 23:34:47
59,30,critical,new_device,in_progress,429,2025-11-19 16:45:44
60,668,medium,high_value,in_progress,575,2025-11-17 07:27:39
61,722,low,high_value,closed,769,2025-10-29 15:45:01
62,474,low,location_mismatch,open,670,2025-07-09 03:58:07
63,113,medium,new_device,in_progress,551,2026-01-25 02:02:05
64,472,high,velocity,closed,663,2026-04-24 04:57:14
65,474,medium,new_device,closed,627,2026-02-02 03:59:47
66,236,medium,new_device,open,437,2025-08-27 13:19:27
67,524,medium,new_device,closed,953,2025-01-01 03:23:54
68,705,medium,velocity,closed,513,2025-07-28 13:02:28
69,301,critical,new_device,open,891,2025-12-26 10:31:43
70,738,low,velocity,open,975,2025-01-08 10:14:50
71,86,medium,high_value,closed,719,2025-12-09 17:08:48
72,552,high,new_device,open,925,2026-03-16 11:46:34
73,128,medium,new_device,closed,121,2025-11-18 18:02:22
74,548,medium,new_device,closed,723,2025-05-14 21:59:52
75,583,low,high_value,closed,593,2026-02-28 00:50:08
76,597,critical,location_mismatch,in_progress,479,2025-09-25 23:38:13
77,909,critical,location_mismatch,closed,978,2025-04-08 02:34:18
78,437,high,high_value,closed,397,2025-03-03 08:47:01
79,948,low,location_mismatch,open,260,2025-12-11 15:37:17
80,972,low,velocity,open,540,2025-01-22 12:18:18
81,545,critical,high_value,in_progress,1000,2025-05-20 20:59:12
82,260,critical,new_device,closed,954,2025-01-23 19:29:53
83,874,medium,location_mismatch,in_progress,99,2025-03-12 11:45:55
84,553,critical,high_value,closed,992,2025-03-17 02:00:54
85,961,low,new_device,closed,908,2025-02-02 10:22:53
86,190,low,location_mismatch,closed,984,2025-03-29 17:54:07
87,586,critical,high_value,closed,725,2025-06-12 13:17:44
88,837,critical,velocity,in_progress,589,2026-01-15 12:44:15
89,633,medium,new_device,open,461,2025-04-01 08:52:14
90,400,high,velocity,in_progress,14,2025-09-15 19:23:28
91,563,high,high_value,closed,864,2025-10-04 08:48:35
92,855,high,velocity,closed,829,2025-12-01 10:45:37
93,937,low,new_device,in_progress,275,2026-01-23 14:57:58
94,124,medium,velocity,open,977,2025-10-02 08:13:17
95,870,low,new_device,open,509,2025-05-03 05:21:21
96,136,low,new_device,open,122,2025-06-05 17:47:05
97,755,medium,high_value,open,620,2025-11-23 04:38:04
98,776,medium,velocity,open,20,2025-03-02 00:52:01
99,142,low,high_value,closed,107,2026-04-01 21:43:35
100,975,medium,high_value,in_progress,65,2025-04-24 18:55:30
101,742,critical,new_device,in_progress,546,2025-04-04 10:44:09
102,628,high,new_device,closed,443,2025-05-08 05:43:28
103,197,low,new_device,open,597,2025-06-22 21:04:04
104,793,medium,high_value,in_progress,800,2026-04-18 03:31:22
105,415,critical,high_value,in_progress,437,2025-09-16 02:26:06
106,137,medium,location_mismatch,open,458,2025-04-07 16:06:14
107,482,high,velocity,in_progress,375,2025-02-12 03:16:29
108,672,medium,location_mismatch,in_progress,651,2025-08-18 11:29:36
109,718,low,high_value,closed,457,2025-06-30 12:02:37
110,286,critical,velocity,closed,468,2025-04-15 20:26:48
111,214,critical,location_mismatch,closed,651,2025-01-11 23:13:03
112,687,medium,velocity,closed,803,2025-11-22 09:53:59
113,951,medium,new_device,closed,485,2025-01-31 16:24:39
114,101,high,new_device,closed,517,2026-03-31 01:05:30
115,122,critical,high_value,closed,330,2025-09-07 17:22:57
116,590,critical,location_mismatch,open,116,2026-03-26 07:35:12
117,605,low,new_device,in_progress,103,2025-07-12 05:45:07
118,650,high,velocity,open,694,2025-07-10 18:26:42
119,41,critical,new_device,in_progress,605,2025-10-01 16:52:10
120,582,low,velocity,open,226,2026-01-25 20:43:22
121,65,critical,velocity,in_progress,104,2025-05-22 21:36:07
122,459,medium,new_device,closed,207,2026-03-27 21:29:27
123,208,low,location_mismatch,in_progress,219,2025-09-19 20:32:48
124,672,medium,location_mismatch,open,325,2025-03-15 06:44:59
125,915,critical,new_device,open,87,2025-10-27 00:20:51
126,743,medium,new_device,closed,626,2025-12-18 13:07:51
127,804,high,new_device,open,392,2025-06-03 18:29:19
128,45,critical,velocity,in_progress,482,2025-07-04 21:02:12
129,220,critical,location_mismatch,in_progress,567,2025-08-03 07:54:32
130,407,high,location_mismatch,open,942,2025-04-26 05:49:33
131,5,critical,high_value,closed,407,2026-03-07 07:30:42
132,366,medium,velocity,open,297,2026-01-07 03:49:49
133,690,critical,high_value,closed,957,2025-01-29 14:50:21
134,282,medium,location_mismatch,in_progress,708,2025-11-28 11:01:56
135,80,low,velocity,closed,387,2025-09-27 05:17:33
136,188,high,velocity,in_progress,290,2025-11-18 05:56:48
137,198,medium,new_device,in_progress,719,2026-04-14 08:35:52
138,179,low,velocity,in_progress,757,2025-12-03 04:36:36
139,119,medium,location_mismatch,in_progress,811,2025-03-30 05:08:34
140,839,high,velocity,in_progress,467,2025-12-07 21:27:19
141,123,critical,velocity,closed,478,2025-02-14 09:40:45
142,701,medium,new_device,open,613,2025-03-04 16:17:17
143,784,critical,location_mismatch,open,90,2025-03-28 21:10:52
144,819,critical,velocity,closed,828,2025-09-25 23:09:55
145,508,low,high_value,open,227,2025-09-19 05:50:20
146,125,medium,high_value,open,99,2025-11-22 17:22:38
147,52,medium,high_value,closed,325,2026-02-14 23:16:06
148,196,low,new_device,closed,449,2025-01-12 04:24:02
149,55,low,location_mismatch,open,642,2025-01-08 04:56:28
150,532,low,high_value,open,891,2025-05-31 01:24:51
151,533,medium,new_device,open,378,2025-03-11 13:01:32
152,239,medium,velocity,open,463,2025-05-22 03:10:17
153,817,low,location_mismatch,closed,987,2025-04-28 03:55:43
154,269,high,velocity,in_progress,662,2025-08-15 22:50:44
155,679,high,new_device,open,383,2025-09-16 02:59:36
156,679,high,new_device,open,311,2026-02-19 15:57:53
157,143,low,high_value,in_progress,745,2025-10-18 01:09:37
158,538,critical,high_value,in_progress,86,2026-01-11 04:38:21
159,656,critical,new_device,in_progress,532,2026-04-22 10:14:43
160,582,medium,high_value,in_progress,181,2026-02-02 19:09:50
161,408,critical,location_mismatch,in_progress,881,2025-04-22 00:54:02
162,835,low,velocity,in_progress,41,2025-09-25 03:32:24
163,345,medium,new_device,in_progress,64,2026-01-28 06:03:10
164,801,low,high_value,open,576,2026-04-16 12:25:26
165,928,critical,new_device,open,461,2025-04-04 22:43:01
166,96,low,new_device,open,494,2026-04-23 07:23:49
167,673,high,high_value,open,649,2026-02-13 18:57:18
168,480,high,velocity,open,701,2025-04-26 22:29:50
169,320,medium,location_mismatch,open,131,2025-10-25 11:38:41
170,474,low,high_value,open,263,2025-10-06 08:40:22
171,769,critical,location_mismatch,open,781,2025-09-13 20:41:30
172,475,high,location_mismatch,open,205,2025-01-14 14:03:59
173,319,medium,high_value,in_progress,309,2026-01-06 04:02:39
174,607,critical,velocity,closed,868,2025-11-13 18:47:53
175,762,high,high_value,in_progress,448,2025-12-15 18:58:39
176,68,low,high_value,in_progress,16,2025-07-23 00:59:41
177,14,critical,high_value,closed,936,2025-06-19 20:37:29
178,875,high,velocity,in_progress,412,2025-04-17 01:15:24
179,9,critical,velocity,open,796,2025-05-30 18:24:10
180,179,critical,velocity,in_progress,39,2025-09-21 09:21:55
181,738,high,velocity,in_progress,892,2025-10-10 21:22:59
182,123,high,new_device,in_progress,250,2025-11-30 04:51:12
183,518,critical,velocity,in_progress,771,2025-03-10 19:59:20
184,689,low,new_device,in_progress,402,2025-07-14 16:59:14
185,602,critical,location_mismatch,closed,316,2026-01-29 14:18:19
186,776,high,location_mismatch,open,356,2025-10-17 00:34:24
187,792,low,velocity,open,735,2025-09-17 00:57:11
188,704,critical,high_value,closed,90,2025-02-15 07:43:07
189,600,low,location_mismatch,closed,723,2025-11-03 03:20:57
190,732,low,high_value,in_progress,989,2025-02-23 08:59:00
191,29,critical,velocity,open,298,2025-05-31 23:30:06
192,157,medium,new_device,in_progress,758,2025-12-03 22:53:21
193,104,medium,high_value,open,48,2025-05-14 02:26:42
194,646,high,high_value,closed,467,2025-03-21 02:09:36
195,32,medium,new_device,open,901,2025-12-19 15:43:05
196,210,high,high_value,closed,214,2025-03-06 19:15:09
197,822,medium,velocity,open,293,2025-08-15 11:47:20
198,967,high,high_value,open,767,2025-07-24 02:53:41
199,337,medium,high_value,closed,235,2025-01-11 02:40:41
200,446,high,high_value,closed,557,2025-12-17 00:27:20
201,217,medium,new_device,in_progress,781,2025-01-23 17:09:13
202,63,medium,high_value,open,952,2025-08-28 19:57:17
203,30,low,high_value,closed,427,2026-02-14 20:23:58
204,194,medium,velocity,open,330,2025-12-17 03:29:47
205,353,medium,high_value,closed,259,2025-11-06 12:10:40
206,313,critical,new_device,closed,481,2025-07-03 05:09:36
207,131,medium,high_value,open,56,2026-04-22 06:39:43
208,468,medium,new_device,in_progress,90,2026-04-09 20:24:17
209,187,low,velocity,in_progress,745,2025-01-20 06:37:43
210,708,medium,velocity,in_progress,119,2025-11-24 12:32:18
211,511,high,location_mismatch,in_progress,106,2025-07-28 03:48:22
212,417,low,new_device,in_progress,616,2025-03-24 10:03:46
213,695,medium,location_mismatch,closed,423,2026-02-07 10:23:10
214,18,medium,high_value,closed,948,2025-02-06 03:18:24
215,159,high,new_device,closed,993,2025-04-21 18:25:18
216,470,critical,location_mismatch,open,797,2025-12-20 09:45:20
217,92,low,new_device,in_progress,330,2025-05-15 15:07:14
218,857,low,velocity,open,29,2025-10-06 23:06:43
219,84,medium,velocity,in_progress,168,2025-10-19 01:57:55
220,759,high,new_device,closed,973,2026-02-08 14:56:07
221,480,medium,new_device,closed,955,2025-07-03 03:30:06
222,470,medium,location_mismatch,closed,952,2025-09-01 17:05:00
223,480,critical,new_device,open,101,2025-05-02 09:14:58
224,404,high,new_device,in_progress,492,2025-02-11 19:09:29
225,724,high,new_device,closed,641,2025-12-18 23:20:02
226,520,low,new_device,closed,716,2026-04-13 18:19:55
227,357,medium,location_mismatch,closed,931,2025-12-13 20:55:09
228,578,high,velocity,closed,740,2025-01-27 11:05:44
229,742,low,velocity,open,321,2025-03-19 07:12:51
230,995,medium,high_value,in_progress,250,2025-08-26 09:09:48
231,204,high,new_device,open,179,2025-07-29 06:10:37
232,375,high,velocity,in_progress,75,2026-01-16 21:41:31
233,75,critical,new_device,in_progress,374,2025-02-08 04:46:12
234,33,low,high_value,open,675,2025-06-19 16:53:53
235,386,critical,high_value,closed,642,2026-02-08 13:13:44
236,261,critical,location_mismatch,open,933,2025-10-22 00:22:59
237,79,medium,velocity,closed,92,2026-04-24 05:36:59
238,758,medium,new_device,open,558,2025-06-07 01:21:21
239,136,critical,velocity,closed,621,2025-10-09 21:49:43
240,343,medium,location_mismatch,in_progress,328,2025-12-31 22:18:01
241,282,low,location_mismatch,closed,768,2025-10-27 02:12:22
242,121,low,new_device,in_progress,186,2025-02-13 09:33:46
243,285,medium,high_value,open,334,2025-09-07 11:37:46
244,1,high,new_device,in_progress,654,2025-02-15 17:58:51
245,918,critical,velocity,in_progress,365,2025-08-02 10:34:47
246,832,low,velocity,closed,812,2025-09-04 17:12:30
247,850,high,location_mismatch,closed,991,2025-06-20 05:45:52
248,638,low,location_mismatch,open,684,2025-10-06 23:58:11
249,596,critical,new_device,closed,705,2025-09-05 12:36:34
250,859,medium,location_mismatch,closed,416,2025-10-06 18:04:28
251,627,medium,velocity,closed,128,2025-08-24 14:51:38
252,758,high,velocity,closed,531,2025-08-08 01:10:55
253,640,low,new_device,open,345,2025-07-29 19:19:09
254,809,critical,location_mismatch,in_progress,180,2025-03-30 14:16:02
255,558,critical,location_mismatch,open,654,2025-01-29 20:56:30
256,463,medium,high_value,open,317,2025-11-24 15:54:52
257,493,critical,new_device,open,508,2025-03-16 06:20:39
258,716,high,new_device,closed,231,2025-01-07 09:03:45
259,179,medium,new_device,open,635,2025-05-15 12:03:53
260,423,critical,high_value,closed,512,2025-01-24 00:18:03
261,56,low,new_device,in_progress,296,2025-09-27 11:01:17
262,651,low,velocity,in_progress,488,2025-01-24 12:08:21
263,615,low,new_device,open,888,2025-05-20 23:42:40
264,696,medium,location_mismatch,in_progress,465,2026-04-05 14:16:17
265,79,low,location_mismatch,open,421,2025-05-19 07:20:50
266,111,high,high_value,closed,808,2025-01-28 05:37:46
267,979,low,velocity,in_progress,193,2025-06-07 04:34:57
268,792,high,location_mismatch,closed,531,2025-08-27 16:01:35
269,294,medium,location_mismatch,in_progress,986,2025-02-22 22:30:44
270,98,critical,high_value,closed,802,2025-01-13 08:35:45
271,754,high,velocity,open,558,2026-01-07 21:38:01
272,759,low,high_value,in_progress,831,2025-07-17 13:42:12
273,984,low,high_value,open,88,2025-12-10 14:16:06
274,254,high,location_mismatch,open,893,2025-01-31 10:52:15
275,977,critical,location_mismatch,in_progress,300,2025-11-02 18:43:05
276,966,low,velocity,open,962,2025-03-14 11:24:11
277,900,critical,high_value,open,685,2025-11-19 13:12:51
278,158,high,velocity,in_progress,706,2025-08-30 04:41:14
279,630,medium,high_value,closed,418,2026-04-19 04:00:33
280,338,medium,new_device,open,10,2025-09-10 00:31:32
281,101,medium,velocity,in_progress,160,2026-03-27 01:05:39
282,861,high,new_device,open,640,2025-10-09 11:53:29
283,660,medium,velocity,open,626,2026-03-22 20:25:14
284,500,high,new_device,closed,785,2025-11-28 12:58:33
285,439,critical,velocity,in_progress,990,2026-02-24 18:48:00
286,186,high,location_mismatch,open,198,2025-04-14 20:45:00
287,393,low,high_value,in_progress,945,2025-05-17 19:41:02
288,415,critical,new_device,closed,951,2025-11-29 00:44:34
289,809,medium,new_device,open,793,2025-01-19 09:15:19
290,863,medium,velocity,open,631,2026-03-19 13:12:02
291,698,critical,velocity,in_progress,813,2025-05-17 10:48:02
292,785,low,location_mismatch,closed,138,2026-03-29 05:56:44
293,324,low,high_value,closed,538,2026-02-23 13:09:32
294,897,high,location_mismatch,in_progress,174,2025-02-09 19:39:26
295,918,critical,high_value,open,792,2025-06-23 15:37:53
296,440,critical,new_device,in_progress,885,2026-04-10 23:04:44
297,63,medium,high_value,open,167,2025-08-31 09:14:27
298,558,high,new_device,closed,4,2025-09-06 05:22:16
299,27,high,high_value,closed,725,2025-12-19 12:10:17
300,41,medium,location_mismatch,closed,737,2025-06-27 13:52:08
301,628,critical,high_value,closed,725,2026-01-06 01:23:05
302,136,medium,new_device,closed,808,2025-07-08 04:55:06
303,262,medium,new_device,closed,836,2026-04-13 21:04:30
304,595,high,velocity,in_progress,464,2025-05-07 23:28:15
305,774,critical,location_mismatch,closed,35,2026-03-11 18:24:19
306,823,medium,high_value,in_progress,699,2025-03-18 04:14:48
307,563,critical,location_mismatch,open,304,2025-04-29 18:10:59
308,746,high,location_mismatch,open,339,2025-09-21 02:20:38
309,297,critical,location_mismatch,open,879,2026-02-02 18:34:14
310,362,high,location_mismatch,closed,413,2025-08-29 12:05:10
311,628,critical,velocity,open,793,2025-03-03 13:15:56
312,327,medium,new_device,closed,410,2025-06-23 18:19:44
313,991,critical,new_device,closed,699,2025-03-22 21:40:04
314,524,low,high_value,in_progress,183,2025-05-15 20:21:56
315,926,critical,location_mismatch,in_progress,259,2025-09-11 17:08:38
316,380,high,velocity,in_progress,734,2025-11-28 23:56:56
317,586,critical,new_device,in_progress,548,2025-08-08 01:52:49
318,531,high,location_mismatch,closed,48,2025-11-26 04:21:27
319,174,critical,location_mismatch,open,807,2025-12-01 17:41:46
320,298,critical,velocity,closed,420,2025-08-04 05:30:54
321,741,critical,high_value,closed,239,2025-06-16 19:58:40
322,663,critical,location_mismatch,in_progress,674,2026-01-05 08:54:31
323,254,medium,high_value,closed,278,2025-07-05 06:27:03
324,711,critical,new_device,closed,420,2025-11-30 16:01:52
325,303,critical,velocity,closed,345,2026-02-25 16:13:29
326,595,low,new_device,closed,718,2025-09-16 05:08:13
327,158,low,location_mismatch,open,279,2025-01-15 22:02:00
328,228,medium,new_device,in_progress,378,2025-03-08 17:54:37
329,690,high,high_value,closed,711,2026-03-04 08:22:50
330,295,low,velocity,in_progress,378,2025-01-14 20:01:39
331,702,low,velocity,open,830,2025-04-24 01:55:47
332,383,high,location_mismatch,in_progress,141,2025-01-13 17:03:14
333,519,critical,velocity,in_progress,560,2026-02-10 14:54:34
334,144,critical,new_device,closed,633,2025-03-20 10:48:58
335,521,high,location_mismatch,in_progress,818,2025-03-09 11:49:13
336,32,medium,new_device,open,979,2025-11-04 03:16:40
337,993,medium,new_device,open,826,2025-11-28 09:33:39
338,539,medium,new_device,in_progress,400,2025-02-07 19:10:38
339,852,critical,new_device,closed,119,2025-09-21 13:26:48
340,692,critical,velocity,closed,442,2025-09-06 08:32:03
341,563,low,location_mismatch,closed,401,2025-06-17 01:38:41
342,9,critical,high_value,closed,928,2025-02-15 20:57:34
343,920,low,velocity,closed,780,2025-05-19 18:15:48
344,763,critical,high_value,open,33,2025-12-04 17:00:08
345,169,low,location_mismatch,in_progress,640,2025-02-24 13:07:50
346,161,critical,velocity,closed,35,2025-03-22 13:01:29
347,581,high,location_mismatch,in_progress,379,2025-01-31 01:06:02
348,602,high,high_value,closed,322,2025-09-27 13:29:01
349,989,critical,location_mismatch,in_progress,276,2025-12-21 16:58:54
350,368,high,new_device,open,312,2026-01-13 02:54:00
351,410,medium,high_value,open,98,2025-12-10 17:28:10
352,250,high,high_value,in_progress,962,2025-02-06 14:42:17
353,751,low,location_mismatch,in_progress,860,2025-07-26 18:38:10
354,234,medium,velocity,open,764,2026-02-04 07:47:11
355,846,low,new_device,closed,495,2025-06-22 17:55:40
356,498,high,location_mismatch,in_progress,558,2025-05-12 06:34:03
357,727,critical,high_value,in_progress,346,2025-08-09 05:29:23
358,540,high,new_device,open,656,2025-08-20 14:41:18
359,214,medium,velocity,in_progress,655,2025-03-23 00:33:14
360,253,low,location_mismatch,closed,772,2026-02-24 06:46:37
361,161,high,location_mismatch,closed,798,2025-11-15 21:06:57
362,254,medium,new_device,open,135,2025-09-16 11:37:01
363,956,critical,new_device,open,841,2026-01-06 23:46:22
364,845,critical,high_value,in_progress,51,2025-03-29 02:42:23
365,88,low,velocity,closed,381,2025-10-30 07:20:53
366,836,low,high_value,closed,938,2025-08-07 13:19:43
367,22,low,location_mismatch,in_progress,846,2025-03-23 09:27:53
368,988,medium,location_mismatch,open,1000,2025-06-16 13:13:38
369,360,high,velocity,closed,757,2026-01-24 19:09:24
370,682,low,new_device,closed,904,2025-05-06 11:16:15
371,581,medium,high_value,open,950,2025-03-02 14:19:00
372,29,low,velocity,open,668,2025-12-25 11:38:07
373,667,low,high_value,in_progress,114,2025-09-11 03:05:25
374,575,critical,new_device,closed,965,2025-04-10 14:11:00
375,716,low,new_device,closed,6,2025-02-18 14:26:05
376,447,high,new_device,closed,894,2025-05-01 10:50:34
377,510,medium,new_device,in_progress,754,2026-03-12 09:27:28
378,74,medium,high_value,closed,906,2026-02-03 16:55:11
379,275,low,velocity,open,689,2026-04-14 05:07:10
380,489,critical,velocity,open,211,2026-03-13 11:40:07
381,893,medium,new_device,in_progress,87,2026-04-09 10:46:09
382,214,medium,location_mismatch,open,226,2025-06-05 06:06:01
383,744,medium,new_device,open,346,2025-04-30 06:35:13
384,65,low,new_device,closed,877,2026-04-25 16:01:17
385,626,high,high_value,in_progress,214,2026-04-02 22:42:15
386,155,high,velocity,open,747,2026-01-19 15:30:36
387,241,critical,velocity,open,971,2025-01-03 06:18:20
388,782,critical,high_value,in_progress,533,2025-11-10 00:06:37
389,442,medium,location_mismatch,in_progress,116,2025-08-11 10:37:17
390,603,low,high_value,open,12,2025-11-23 02:30:00
391,511,medium,velocity,closed,179,2025-02-10 19:02:26
392,798,low,new_device,closed,198,2025-06-22 03:06:19
393,977,medium,high_value,closed,942,2025-03-20 00:11:07
394,863,high,location_mismatch,open,717,2026-04-26 06:31:18
395,884,low,new_device,in_progress,349,2025-08-28 14:10:33
396,350,medium,high_value,closed,562,2025-05-25 00:10:43
397,590,critical,new_device,in_progress,986,2025-03-13 02:13:17
398,716,critical,high_value,in_progress,555,2025-01-04 23:10:50
399,780,high,location_mismatch,open,702,2025-03-24 20:10:15
400,275,medium,high_value,in_progress,646,2025-10-05 19:14:12
401,319,low,location_mismatch,open,994,2026-01-01 13:51:28
402,567,medium,high_value,closed,107,2025-12-12 04:55:03
403,725,medium,new_device,open,604,2026-01-10 04:52:30
404,173,medium,high_value,in_progress,929,2025-06-29 18:52:21
405,577,low,location_mismatch,open,75,2025-10-21 23:12:05
406,267,low,new_device,open,434,2025-03-02 04:55:15
407,299,critical,high_value,open,48,2025-02-08 08:38:24
408,658,low,location_mismatch,open,160,2025-04-18 22:35:23
409,75,critical,high_value,closed,388,2025-11-03 12:37:44
410,257,low,high_value,open,46,2025-02-28 11:56:29
411,60,critical,velocity,in_progress,48,2025-07-04 22:38:19
412,966,critical,velocity,closed,74,2026-04-06 23:05:54
413,263,low,velocity,closed,442,2025-09-12 09:07:38
414,848,high,high_value,open,404,2025-01-24 14:21:17
415,756,critical,high_value,in_progress,358,2025-09-19 23:25:41
416,164,critical,high_value,open,906,2025-11-03 14:45:12
417,853,low,location_mismatch,open,569,2025-09-11 11:05:45
418,11,low,new_device,open,113,2026-04-09 03:50:37
419,479,high,velocity,closed,967,2026-01-21 16:29:17
420,80,high,velocity,open,683,2025-02-12 12:06:25
421,124,critical,velocity,open,72,2025-07-03 22:43:32
422,959,medium,high_value,closed,443,2025-03-06 00:00:37
423,632,low,high_value,in_progress,758,2025-05-31 06:31:07
424,852,critical,location_mismatch,open,605,2025-12-14 01:28:37
425,182,low,high_value,closed,369,2025-09-01 11:26:58
426,84,high,new_device,open,550,2025-10-30 19:53:21
427,328,high,velocity,in_progress,522,2025-06-12 11:12:45
428,751,medium,velocity,open,858,2025-04-13 16:22:59
429,522,critical,location_mismatch,closed,7,2025-04-07 10:00:17
430,981,low,location_mismatch,closed,312,2025-01-19 04:53:42
431,455,critical,velocity,open,405,2025-07-14 09:11:34
432,811,critical,location_mismatch,open,423,2026-04-27 18:20:39
433,252,high,location_mismatch,open,165,2026-03-08 12:42:54
434,542,low,location_mismatch,open,230,2026-02-09 00:09:16
435,735,high,location_mismatch,in_progress,528,2025-09-13 12:02:21
436,270,high,velocity,closed,577,2026-03-03 00:55:23
437,140,low,new_device,open,586,2025-04-20 04:57:04
438,836,low,new_device,open,442,2025-02-14 12:37:09
439,241,high,new_device,closed,275,2025-10-06 12:14:35
440,983,critical,location_mismatch,closed,581,2025-08-18 05:53:59
441,271,low,velocity,closed,682,2026-01-05 10:49:42
442,926,critical,location_mismatch,open,451,2026-01-31 00:36:30
443,234,low,new_device,closed,935,2025-05-31 03:19:30
444,89,high,velocity,open,458,2026-02-16 15:14:18
445,853,low,high_value,closed,832,2025-11-26 04:52:38
446,860,medium,velocity,in_progress,759,2026-03-17 14:01:48
447,964,critical,new_device,closed,789,2026-03-11 20:19:07
448,126,high,velocity,open,974,2025-11-19 10:03:07
449,505,medium,velocity,open,115,2025-04-01 19:01:32
450,651,critical,high_value,closed,581,2025-02-12 21:31:39
451,166,critical,location_mismatch,closed,172,2026-03-03 21:10:36
452,855,medium,location_mismatch,in_progress,503,2025-08-03 03:42:57
453,173,low,new_device,in_progress,928,2025-03-13 00:11:10
454,200,critical,velocity,open,271,2025-10-05 18:36:09
455,808,critical,location_mismatch,in_progress,343,2025-12-31 14:03:30
456,774,critical,new_device,closed,849,2025-07-17 22:42:23
457,406,low,new_device,closed,493,2026-02-07 21:47:22
458,843,high,high_value,closed,747,2025-04-07 13:29:11
459,949,high,high_value,open,902,2025-03-20 07:42:28
460,653,critical,high_value,in_progress,864,2025-04-11 12:24:05
461,981,medium,location_mismatch,closed,27,2026-01-31 20:55:08
462,681,critical,high_value,in_progress,912,2025-03-05 23:54:56
463,100,low,location_mismatch,closed,901,2025-09-07 10:43:25
464,241,low,location_mismatch,closed,760,2025-01-18 16:55:51
465,644,critical,velocity,open,708,2025-01-21 00:45:06
466,118,medium,high_value,closed,772,2025-03-06 21:12:50
467,336,critical,location_mismatch,open,940,2025-02-14 01:45:11
468,984,critical,high_value,in_progress,589,2025-02-03 04:29:27
469,381,low,location_mismatch,closed,248,2026-01-17 05:22:55
470,275,medium,high_value,open,39,2025-08-04 08:55:56
471,485,high,location_mismatch,in_progress,157,2025-10-09 19:48:45
472,93,high,new_device,in_progress,157,2026-04-23 08:16:59
473,683,medium,new_device,open,490,2025-03-28 22:27:51
474,9,low,velocity,open,220,2025-01-01 18:32:01
475,907,high,high_value,closed,941,2025-03-29 04:05:38
476,764,high,new_device,in_progress,534,2025-11-22 10:24:26
477,934,low,new_device,closed,208,2025-10-26 14:50:03
478,16,critical,new_device,open,846,2025-03-03 06:15:48
479,191,low,velocity,closed,198,2025-09-18 19:04:50
480,595,critical,high_value,open,170,2025-06-23 18:09:18
481,651,medium,high_value,closed,203,2025-03-15 20:01:22
482,590,critical,high_value,in_progress,9,2025-06-12 14:40:12
483,863,low,high_value,closed,801,2026-04-22 06:57:26
484,242,critical,new_device,in_progress,256,2025-02-28 16:44:01
485,587,critical,new_device,closed,859,2025-09-27 14:52:35
486,485,low,new_device,closed,642,2025-02-04 17:39:59
487,20,low,new_device,in_progress,763,2025-08-16 10:48:19
488,496,critical,location_mismatch,open,313,2025-01-03 03:08:19
489,283,critical,high_value,open,185,2025-08-14 12:55:21
490,995,critical,new_device,in_progress,185,2025-01-29 05:40:30
491,180,high,velocity,closed,650,2025-02-10 08:14:30
492,877,low,new_device,open,880,2026-03-10 03:21:28
493,359,critical,velocity,closed,697,2026-02-04 15:09:13
494,980,critical,location_mismatch,in_progress,360,2025-01-16 20:50:34
495,552,medium,new_device,closed,309,2025-09-21 04:31:24
496,192,low,new_device,open,365,2025-03-27 01:16:20
497,932,medium,new_device,in_progress,144,2026-03-15 20:06:01
498,686,low,new_device,open,720,2025-07-02 18:15:51
499,576,low,location_mismatch,closed,472,2026-03-06 05:33:11
500,187,high,high_value,in_progress,421,2025-05-22 17:48:59
501,645,medium,new_device,closed,362,2025-08-22 14:54:03
502,377,critical,new_device,in_progress,227,2025-09-25 09:39:59
503,77,low,new_device,in_progress,62,2026-03-11 15:34:39
504,473,medium,high_value,in_progress,209,2025-08-27 00:58:07
505,90,high,new_device,open,738,2026-03-21 18:36:19
506,699,high,new_device,closed,510,2025-06-06 18:14:01
507,993,medium,high_value,closed,968,2025-05-06 18:38:18
508,139,medium,high_value,open,866,2025-06-10 15:12:16
509,592,high,location_mismatch,open,539,2025-10-01 07:58:27
510,474,low,velocity,closed,691,2026-04-29 16:07:09
511,977,high,high_value,closed,141,2026-04-25 10:56:15
512,392,medium,velocity,in_progress,329,2025-06-22 02:54:05
513,183,low,new_device,closed,256,2025-09-13 10:09:00
514,561,medium,new_device,closed,345,2025-06-03 21:57:27
515,566,critical,location_mismatch,open,970,2025-09-28 21:31:11
516,552,critical,high_value,in_progress,773,2025-04-04 06:01:41
517,547,critical,location_mismatch,open,310,2025-01-09 16:46:38
518,641,critical,new_device,open,920,2025-09-14 14:43:44
519,116,low,velocity,open,20,2025-06-28 04:20:52
520,253,high,high_value,in_progress,645,2025-09-23 17:44:38
521,85,critical,high_value,in_progress,737,2025-07-24 19:02:15
522,71,medium,new_device,closed,795,2025-03-17 04:02:46
523,382,high,high_value,open,678,2026-03-03 07:31:24
524,450,high,location_mismatch,closed,22,2025-07-04 08:57:36
525,450,critical,location_mismatch,open,722,2025-03-26 01:09:28
526,349,high,location_mismatch,in_progress,781,2025-05-25 14:08:36
527,403,medium,high_value,closed,256,2026-03-05 05:30:40
528,909,medium,velocity,open,930,2025-01-01 10:26:44
529,264,critical,new_device,open,947,2025-11-27 17:42:00
530,854,low,high_value,closed,669,2025-06-06 22:19:42
531,599,critical,new_device,closed,410,2025-07-17 19:42:35
532,812,critical,location_mismatch,closed,922,2025-09-16 08:32:34
533,490,high,location_mismatch,open,287,2025-10-21 11:23:22
534,505,medium,velocity,closed,971,2025-03-26 17:18:38
535,928,critical,high_value,closed,891,2026-01-07 22:08:18
536,941,critical,location_mismatch,open,72,2026-02-11 02:15:29
537,765,medium,new_device,in_progress,477,2025-07-31 18:01:16
538,972,medium,velocity,closed,912,2025-10-02 10:20:34
539,602,high,velocity,open,133,2026-01-28 12:11:54
540,600,high,new_device,closed,676,2025-06-07 12:45:03
541,131,high,high_value,closed,645,2025-12-27 11:26:15
542,518,low,velocity,closed,357,2025-08-03 01:10:49
543,933,low,velocity,closed,189,2025-06-14 02:07:38
544,358,medium,velocity,in_progress,710,2025-01-16 00:31:44
545,508,low,velocity,closed,452,2026-02-07 17:00:30
546,906,high,location_mismatch,in_progress,492,2026-01-30 00:01:26
547,15,high,new_device,closed,176,2025-08-04 08:26:00
548,153,medium,high_value,in_progress,325,2025-12-18 04:39:45
549,340,low,high_value,open,796,2026-04-21 20:06:52
550,378,critical,high_value,in_progress,892,2026-04-06 18:22:13
551,615,low,location_mismatch,closed,408,2025-09-06 17:18:06
552,908,medium,high_value,closed,173,2026-04-06 06:36:34
553,274,low,velocity,open,165,2026-02-26 20:28:46
554,303,high,velocity,in_progress,167,2025-09-21 20:07:27
555,394,medium,high_value,open,177,2025-06-05 04:56:43
556,441,medium,new_device,in_progress,493,2026-03-03 13:34:49
557,191,critical,velocity,closed,468,2025-08-26 19:34:27
558,744,medium,high_value,closed,54,2026-02-21 04:15:38
559,637,low,high_value,in_progress,147,2025-12-26 13:28:25
560,290,critical,location_mismatch,in_progress,956,2026-01-30 13:28:38
561,851,low,velocity,in_progress,310,2025-02-10 11:27:25
562,65,high,location_mismatch,in_progress,58,2025-12-17 11:07:49
563,149,high,new_device,closed,227,2025-11-15 06:49:14
564,603,medium,high_value,in_progress,539,2025-08-06 19:57:49
565,355,high,high_value,open,721,2026-02-21 21:50:17
566,803,medium,location_mismatch,closed,112,2026-03-25 12:50:04
567,619,critical,new_device,in_progress,883,2026-03-22 19:12:53
568,251,low,location_mismatch,in_progress,306,2025-03-21 07:09:08
569,52,critical,velocity,closed,904,2025-05-23 03:49:09
570,692,critical,velocity,closed,281,2025-10-31 18:15:17
571,958,low,high_value,in_progress,197,2025-07-13 14:12:04
572,675,high,velocity,closed,830,2025-09-10 17:50:35
573,282,medium,velocity,in_progress,849,2026-01-27 09:31:47
574,804,medium,velocity,closed,381,2026-01-17 13:54:33
575,449,low,high_value,closed,562,2025-08-15 10:43:10
576,434,critical,location_mismatch,closed,837,2025-06-05 09:47:53
577,629,high,new_device,closed,259,2025-12-06 16:12:08
578,168,critical,high_value,in_progress,205,2025-05-30 07:22:48
579,446,high,velocity,in_progress,309,2025-01-31 17:52:31
580,850,critical,high_value,in_progress,332,2026-03-17 21:45:39
581,731,critical,location_mismatch,in_progress,996,2025-03-27 07:58:54
582,641,low,new_device,open,46,2026-03-08 10:10:25
583,205,high,high_value,in_progress,133,2025-06-25 05:58:13
584,321,high,velocity,in_progress,621,2025-01-06 07:04:24
585,143,low,high_value,closed,321,2025-04-20 14:37:12
586,556,high,velocity,closed,570,2025-12-09 04:19:43
587,522,high,location_mismatch,in_progress,630,2026-04-18 20:10:23
588,931,medium,velocity,open,758,2026-03-22 12:06:31
589,626,low,velocity,in_progress,789,2025-09-30 13:25:12
590,579,high,location_mismatch,closed,517,2026-03-20 18:05:06
591,375,critical,location_mismatch,in_progress,774,2025-07-09 03:29:56
592,8,high,location_mismatch,closed,222,2025-06-28 09:19:05
593,27,medium,new_device,closed,938,2025-04-04 07:49:32
594,576,medium,velocity,open,363,2025-07-05 09:10:18
595,878,low,new_device,open,298,2025-05-19 05:29:30
596,648,low,velocity,closed,937,2025-07-25 06:22:23
597,877,high,location_mismatch,closed,898,2025-03-09 02:56:03
598,636,low,high_value,in_progress,822,2025-06-19 04:19:38
599,939,low,new_device,closed,298,2025-09-13 03:15:38
600,906,medium,new_device,closed,653,2025-11-15 09:53:48
601,990,high,location_mismatch,in_progress,16,2025-07-09 06:11:42
602,261,critical,new_device,closed,119,2025-09-01 00:49:43
603,655,medium,location_mismatch,closed,45,2025-06-19 05:53:22
604,251,medium,high_value,open,706,2025-04-09 13:19:20
605,142,critical,velocity,in_progress,123,2025-10-04 18:23:02
606,594,medium,velocity,in_progress,94,2026-01-04 11:45:10
607,772,high,velocity,open,584,2025-09-21 14:23:00
608,440,high,new_device,open,250,2025-08-04 19:02:12
609,166,medium,new_device,in_progress,77,2025-12-26 10:27:38
610,84,medium,velocity,closed,697,2025-09-06 11:30:45
611,103,medium,location_mismatch,closed,880,2025-08-13 14:21:46
612,9,low,new_device,closed,445,2025-06-11 17:35:47
613,57,high,velocity,open,766,2025-06-21 12:45:41
614,986,high,location_mismatch,closed,504,2025-06-21 15:35:18
615,425,low,velocity,in_progress,887,2025-11-30 11:18:13
616,828,low,location_mismatch,open,881,2025-08-05 23:32:54
617,453,high,new_device,open,269,2025-11-19 06:29:38
618,373,critical,new_device,in_progress,659,2025-01-10 09:20:26
619,473,low,velocity,closed,335,2026-01-28 14:08:02
620,910,low,velocity,open,767,2025-06-28 09:13:47
621,593,medium,velocity,open,530,2025-01-02 12:04:57
622,936,critical,new_device,in_progress,170,2025-08-19 15:45:14
623,484,high,velocity,open,320,2025-01-11 10:33:47
624,75,low,velocity,closed,122,2025-07-01 03:03:37
625,48,medium,high_value,in_progress,478,2025-04-12 16:10:15
626,543,low,high_value,closed,398,2025-02-02 11:33:29
627,997,low,velocity,open,92,2026-02-26 19:26:59
628,571,medium,velocity,closed,651,2026-02-14 14:45:09
629,291,medium,location_mismatch,in_progress,580,2026-01-03 17:12:47
630,538,critical,location_mismatch,open,264,2026-03-17 06:44:31
631,86,medium,velocity,in_progress,16,2026-03-15 01:04:48
632,844,critical,high_value,in_progress,570,2026-02-25 20:12:42
633,477,high,high_value,closed,790,2025-12-08 11:35:12
634,541,high,velocity,in_progress,186,2026-04-12 10:44:27
635,106,critical,new_device,open,524,2026-02-17 19:10:32
636,822,low,velocity,closed,680,2025-06-21 03:04:28
637,466,high,high_value,closed,771,2025-01-16 13:50:26
638,49,critical,new_device,in_progress,914,2026-03-12 23:03:10
639,734,low,location_mismatch,open,873,2025-10-02 16:37:00
640,517,critical,velocity,in_progress,167,2026-01-13 12:27:20
641,54,critical,new_device,open,893,2025-06-09 16:39:52
642,609,high,location_mismatch,in_progress,475,2025-12-05 01:11:04
643,706,low,velocity,in_progress,544,2026-01-26 12:55:28
644,964,critical,location_mismatch,open,945,2025-03-26 01:07:48
645,470,medium,high_value,open,369,2025-09-12 19:52:32
646,298,high,location_mismatch,closed,113,2025-09-21 05:37:18
647,173,high,new_device,in_progress,746,2026-04-18 11:26:13
648,594,low,new_device,in_progress,67,2025-01-04 16:05:47
649,50,low,high_value,open,207,2025-04-30 23:30:15
650,19,high,velocity,closed,145,2025-12-07 08:22:24
651,640,critical,high_value,open,860,2026-02-26 02:09:29
652,600,medium,high_value,in_progress,307,2026-04-03 08:25:01
653,754,critical,velocity,in_progress,137,2025-03-26 17:00:36
654,890,low,high_value,in_progress,911,2025-06-30 05:47:58
655,269,critical,location_mismatch,open,687,2025-06-17 13:35:39
656,437,critical,location_mismatch,closed,340,2026-02-02 22:11:25
657,467,low,high_value,closed,235,2025-08-09 06:08:53
658,792,low,velocity,closed,271,2025-09-15 17:57:22
659,987,medium,location_mismatch,closed,137,2025-10-27 03:46:04
660,745,high,new_device,open,942,2025-06-08 15:18:37
661,851,medium,high_value,closed,383,2025-11-09 10:20:09
662,234,critical,location_mismatch,in_progress,521,2025-05-18 11:02:00
663,100,low,high_value,open,367,2025-04-17 05:56:35
664,302,critical,new_device,closed,629,2025-07-10 23:54:05
665,404,high,new_device,closed,800,2026-01-04 11:22:59
666,27,critical,velocity,in_progress,345,2025-08-18 11:12:49
667,459,high,location_mismatch,open,420,2025-04-29 03:31:25
668,85,critical,new_device,in_progress,633,2025-02-24 10:27:47
669,397,high,high_value,open,746,2026-04-10 05:08:30
670,644,low,high_value,in_progress,654,2026-02-05 04:43:13
671,794,high,location_mismatch,open,522,2025-10-01 05:07:32
672,194,high,new_device,open,303,2025-03-22 17:58:48
673,780,high,velocity,open,852,2025-11-12 22:33:20
674,114,critical,location_mismatch,open,489,2025-08-25 02:14:59
675,860,critical,velocity,closed,506,2025-06-24 05:59:18
676,29,medium,high_value,open,543,2025-08-16 23:45:11
677,594,high,velocity,in_progress,293,2025-08-26 00:28:50
678,170,medium,velocity,open,782,2025-12-06 19:14:17
679,134,medium,new_device,in_progress,117,2025-02-12 15:47:01
680,393,critical,velocity,in_progress,446,2025-08-13 15:40:52
681,715,low,high_value,open,596,2025-12-29 05:19:54
682,963,critical,new_device,in_progress,983,2025-01-05 21:04:05
683,814,low,velocity,in_progress,821,2025-01-16 13:44:22
684,526,medium,new_device,open,279,2025-03-19 22:26:07
685,264,high,velocity,open,629,2025-07-06 05:23:43
686,997,high,new_device,in_progress,628,2025-07-19 10:35:02
687,430,low,high_value,open,217,2026-01-29 21:47:17
688,402,high,location_mismatch,in_progress,178,2025-11-04 01:12:21
689,200,critical,high_value,closed,308,2025-04-24 15:04:17
690,134,low,high_value,closed,650,2026-03-19 10:07:18
691,438,medium,new_device,in_progress,142,2025-01-29 01:23:51
692,331,medium,high_value,in_progress,950,2025-08-16 14:06:18
693,945,low,high_value,in_progress,301,2025-08-24 08:02:18
694,886,critical,new_device,open,958,2025-10-11 09:04:12
695,871,critical,high_value,closed,104,2026-03-24 03:08:59
696,8,medium,location_mismatch,closed,667,2025-01-23 03:56:28
697,681,critical,new_device,in_progress,316,2025-06-04 13:06:06
698,984,high,velocity,open,363,2025-07-23 08:56:52
699,393,low,high_value,closed,513,2025-09-01 02:23:24
700,654,high,velocity,open,541,2026-01-10 23:18:47
701,589,high,velocity,closed,451,2025-09-11 18:15:22
702,68,low,high_value,open,418,2025-06-07 14:39:48
703,183,critical,velocity,in_progress,681,2026-04-03 06:34:54
704,185,low,new_device,open,381,2026-03-08 19:15:02
705,770,medium,velocity,in_progress,276,2026-04-11 00:59:18
706,607,low,high_value,open,436,2026-04-13 05:11:36
707,592,critical,high_value,in_progress,591,2025-01-29 03:37:42
708,468,low,velocity,closed,530,2025-10-31 05:11:48
709,974,medium,velocity,open,805,2026-03-29 10:47:04
710,800,low,location_mismatch,in_progress,934,2025-01-29 18:29:05
711,680,high,high_value,closed,66,2025-07-29 11:29:18
712,911,low,location_mismatch,closed,823,2025-03-16 05:35:26
713,425,medium,new_device,open,981,2025-08-09 01:23:59
714,983,low,location_mismatch,closed,827,2025-02-26 00:10:00
715,315,low,location_mismatch,open,716,2025-07-19 14:29:46
716,743,low,velocity,open,451,2025-06-26 04:24:49
717,125,critical,location_mismatch,open,991,2025-02-27 11:35:53
718,662,critical,high_value,closed,460,2025-09-30 08:10:34
719,890,high,new_device,closed,35,2025-06-27 22:03:40
720,519,critical,high_value,closed,197,2026-02-25 16:03:32
721,292,low,velocity,in_progress,953,2025-08-28 02:33:08
722,186,low,new_device,closed,655,2025-02-27 11:30:42
723,386,medium,velocity,in_progress,82,2025-02-12 15:28:26
724,579,low,velocity,open,743,2025-03-29 04:48:43
725,738,low,location_mismatch,in_progress,740,2026-02-08 11:40:37
726,852,high,high_value,open,514,2025-02-22 00:02:44
727,185,high,high_value,open,750,2025-09-12 16:55:03
728,56,low,velocity,in_progress,130,2025-01-08 12:28:32
729,734,medium,high_value,closed,93,2025-04-03 14:59:35
730,812,low,new_device,open,866,2025-04-03 20:01:00
731,560,high,velocity,closed,113,2026-04-22 07:29:02
732,148,high,velocity,closed,561,2025-07-28 09:29:08
733,329,medium,high_value,open,976,2026-04-04 13:19:07
734,552,low,high_value,closed,835,2026-03-08 15:14:51
735,508,high,velocity,open,627,2025-01-11 15:32:30
736,260,low,location_mismatch,in_progress,452,2025-02-17 06:48:10
737,331,high,high_value,open,477,2025-05-17 11:43:37
738,407,high,velocity,closed,764,2025-03-13 15:28:44
739,901,medium,velocity,in_progress,231,2025-01-09 22:47:45
740,452,medium,location_mismatch,closed,249,2025-07-08 08:22:17
741,159,low,velocity,closed,672,2025-09-23 00:59:32
742,822,high,velocity,in_progress,169,2025-11-05 04:54:44
743,897,critical,high_value,closed,143,2025-04-13 19:35:59
744,215,critical,velocity,open,988,2025-10-16 23:45:42
745,668,medium,location_mismatch,in_progress,868,2026-03-24 08:45:26
746,452,medium,location_mismatch,open,421,2025-06-09 17:55:26
747,549,low,velocity,in_progress,811,2026-01-02 04:54:11
748,740,medium,velocity,closed,753,2025-11-16 00:10:49
749,683,low,velocity,in_progress,572,2025-03-17 07:28:24
750,524,critical,location_mismatch,in_progress,593,2025-05-22 00:13:43
751,834,critical,new_device,open,334,2025-03-01 05:55:48
752,719,low,high_value,closed,460,2025-05-25 11:37:41
753,699,critical,location_mismatch,closed,569,2025-08-05 18:01:41
754,888,high,velocity,closed,382,2025-11-25 09:58:02
755,892,critical,high_value,in_progress,54,2025-06-30 07:56:08
756,522,medium,high_value,in_progress,688,2025-07-16 07:08:17
757,826,low,velocity,in_progress,865,2025-02-05 20:00:59
758,168,low,new_device,open,881,2026-02-23 22:35:55
759,203,medium,new_device,closed,323,2025-02-15 01:11:58
760,398,low,location_mismatch,closed,496,2025-07-25 16:13:55
761,104,high,high_value,closed,856,2025-02-16 02:16:54
762,556,high,high_value,closed,764,2026-02-27 13:57:19
763,229,low,high_value,in_progress,449,2025-03-03 09:43:06
764,855,low,new_device,closed,375,2025-10-25 09:29:19
765,765,medium,high_value,open,97,2026-01-02 09:48:53
766,576,low,new_device,in_progress,425,2025-03-31 10:05:07
767,572,medium,velocity,in_progress,484,2026-04-10 19:27:43
768,138,medium,new_device,open,191,2026-02-19 07:20:52
769,60,low,location_mismatch,closed,162,2025-07-07 01:31:00
770,772,low,high_value,open,811,2025-08-24 03:31:56
771,679,critical,new_device,in_progress,312,2025-01-03 22:56:40
772,809,high,location_mismatch,in_progress,565,2025-12-20 15:31:13
773,27,critical,location_mismatch,closed,731,2025-07-08 16:02:59
774,103,medium,location_mismatch,closed,881,2025-12-08 18:35:53
775,214,critical,high_value,closed,253,2025-07-28 16:40:10
776,896,medium,high_value,in_progress,225,2025-04-30 14:16:57
777,224,medium,high_value,closed,264,2026-01-11 21:48:25
778,230,critical,new_device,closed,46,2025-09-03 17:01:26
779,277,high,high_value,closed,10,2025-01-22 01:35:40
780,2,high,high_value,open,276,2026-04-30 17:22:20
781,964,low,high_value,closed,674,2025-02-09 09:08:47
782,698,critical,location_mismatch,closed,540,2025-09-04 01:27:26
783,740,critical,new_device,in_progress,219,2026-03-19 12:27:43
784,268,critical,velocity,in_progress,534,2025-01-19 05:59:52
785,715,critical,location_mismatch,closed,892,2025-07-20 04:59:33
786,265,low,location_mismatch,open,660,2026-01-21 12:57:54
787,249,medium,velocity,closed,540,2026-03-23 17:54:54
788,933,high,velocity,open,492,2025-07-17 20:59:35
789,9,high,location_mismatch,open,843,2025-12-12 09:10:24
790,156,high,new_device,closed,947,2025-04-22 06:03:30
791,526,critical,velocity,closed,231,2025-07-06 02:03:37
792,233,low,high_value,in_progress,324,2025-09-12 19:40:11
793,946,critical,location_mismatch,closed,131,2025-08-09 13:38:13
794,391,medium,new_device,closed,816,2026-02-17 19:19:26
795,102,low,high_value,in_progress,11,2025-09-22 12:35:22
796,695,critical,high_value,in_progress,238,2025-05-05 14:45:01
797,801,medium,velocity,open,643,2025-10-06 14:41:17
798,899,high,new_device,closed,102,2025-04-03 00:54:58
799,409,medium,high_value,in_progress,889,2025-06-19 03:10:37
800,226,medium,location_mismatch,in_progress,815,2025-05-05 13:58:09
801,284,medium,high_value,closed,363,2025-04-20 07:39:50
802,144,high,velocity,closed,597,2025-12-21 08:54:09
803,724,critical,new_device,open,226,2025-07-03 15:15:25
804,689,high,high_value,in_progress,153,2025-05-02 22:38:11
805,671,high,high_value,closed,913,2026-02-24 02:02:27
806,739,medium,velocity,closed,123,2025-01-18 12:51:44
807,627,high,velocity,in_progress,242,2026-03-01 20:46:57
808,996,low,new_device,open,982,2026-01-28 13:27:41
809,12,low,location_mismatch,open,46,2025-07-19 07:30:16
810,857,medium,high_value,in_progress,667,2026-02-28 20:26:06
811,923,high,location_mismatch,closed,137,2025-09-04 02:09:21
812,853,critical,high_value,closed,613,2026-03-10 08:12:59
813,512,critical,new_device,open,57,2025-12-08 13:13:46
814,226,low,velocity,open,622,2025-12-27 01:40:35
815,959,critical,new_device,closed,909,2025-07-14 12:50:08
816,7,low,location_mismatch,in_progress,76,2025-02-01 13:00:31
817,848,low,velocity,in_progress,814,2025-06-07 23:12:55
818,677,low,location_mismatch,closed,972,2025-09-04 13:42:08
819,577,high,velocity,closed,208,2025-06-04 23:22:01
820,799,low,new_device,in_progress,862,2025-11-23 01:30:29
821,64,medium,high_value,closed,52,2026-04-04 15:43:10
822,512,medium,velocity,closed,162,2025-12-03 12:40:13
823,853,high,velocity,in_progress,475,2025-10-09 02:11:19
824,548,low,location_mismatch,open,842,2025-04-21 20:40:52
825,771,medium,location_mismatch,in_progress,11,2026-03-15 03:55:41
826,721,low,high_value,in_progress,565,2025-06-10 15:31:13
827,260,low,location_mismatch,open,570,2025-03-18 00:42:24
828,973,low,new_device,open,348,2025-05-01 20:50:26
829,905,critical,new_device,open,175,2026-02-18 02:22:12
830,613,critical,location_mismatch,in_progress,230,2025-12-27 23:46:52
831,812,critical,velocity,in_progress,203,2025-09-03 15:22:25
832,145,medium,high_value,open,152,2026-03-29 22:01:49
833,38,critical,high_value,closed,137,2025-04-20 07:01:01
834,505,low,velocity,in_progress,178,2026-02-19 21:52:53
835,557,medium,location_mismatch,open,459,2025-07-23 23:46:26
836,256,medium,location_mismatch,open,539,2026-03-19 23:20:18
837,377,critical,location_mismatch,open,216,2025-02-04 14:59:11
838,620,high,location_mismatch,in_progress,552,2026-01-19 22:44:29
839,992,low,high_value,closed,304,2025-07-23 07:13:00
840,98,medium,high_value,closed,916,2026-01-17 00:57:19
841,260,low,high_value,open,124,2025-01-07 14:39:05
842,87,critical,velocity,open,437,2026-03-26 04:41:24
843,756,high,velocity,open,764,2025-06-17 20:50:32
844,720,critical,location_mismatch,open,958,2025-02-18 18:38:01
845,883,medium,velocity,closed,851,2025-09-08 00:14:31
846,785,low,velocity,closed,895,2025-03-22 06:03:11
847,704,medium,new_device,open,267,2025-05-28 18:33:33
848,284,medium,velocity,in_progress,663,2025-04-24 22:55:52
849,594,low,high_value,open,360,2025-11-05 07:25:02
850,866,medium,new_device,open,722,2026-02-01 00:36:20
851,239,high,new_device,closed,556,2025-07-12 21:49:11
852,64,high,location_mismatch,closed,487,2026-03-01 14:54:40
853,771,medium,high_value,open,669,2025-06-06 05:08:22
854,950,medium,velocity,in_progress,193,2025-02-11 15:36:58
855,535,high,high_value,in_progress,16,2025-01-01 09:29:12
856,106,medium,location_mismatch,closed,542,2025-01-31 18:43:00
857,130,low,velocity,in_progress,178,2025-02-02 04:55:21
858,430,low,high_value,closed,252,2025-12-21 20:02:16
859,715,critical,velocity,open,467,2025-04-25 15:38:46
860,765,critical,location_mismatch,in_progress,37,2025-05-19 19:50:52
861,689,medium,location_mismatch,in_progress,655,2025-07-22 16:30:31
862,752,high,location_mismatch,in_progress,474,2025-12-05 03:47:44
863,701,critical,high_value,closed,494,2026-03-12 10:02:31
864,99,medium,location_mismatch,closed,869,2026-04-16 05:11:23
865,242,high,high_value,open,142,2025-01-08 11:04:45
866,215,high,location_mismatch,closed,345,2025-10-23 06:45:20
867,920,low,velocity,in_progress,314,2026-01-08 00:25:24
868,424,high,high_value,in_progress,940,2025-03-13 05:11:20
869,574,high,high_value,in_progress,417,2025-08-02 09:43:28
870,967,medium,high_value,closed,779,2025-04-20 20:33:24
871,241,critical,high_value,in_progress,797,2025-01-02 20:04:17
872,188,medium,location_mismatch,in_progress,363,2025-11-30 08:33:48
873,453,low,location_mismatch,open,151,2026-03-13 06:34:48
874,244,high,new_device,open,520,2025-08-04 05:38:47
875,615,medium,high_value,in_progress,569,2025-06-29 18:29:22
876,860,low,location_mismatch,open,689,2025-02-02 14:23:48
877,730,high,high_value,open,948,2026-03-31 16:27:37
878,27,low,location_mismatch,open,124,2025-12-01 11:07:34
879,935,medium,new_device,closed,696,2025-01-24 13:13:41
880,148,low,velocity,open,796,2026-03-30 00:56:00
881,665,medium,velocity,in_progress,138,2025-05-24 12:03:03
882,676,low,high_value,open,14,2025-07-16 20:58:53
883,314,critical,location_mismatch,in_progress,206,2025-03-12 21:29:18
884,37,critical,high_value,open,433,2026-03-08 02:54:48
885,342,high,location_mismatch,closed,391,2025-06-05 10:22:41
886,526,high,new_device,open,354,2025-10-21 11:29:37
887,440,high,new_device,in_progress,259,2025-02-25 04:51:25
888,551,critical,location_mismatch,closed,609,2025-01-12 01:28:06
889,914,high,new_device,closed,405,2025-08-04 09:07:50
890,875,medium,location_mismatch,in_progress,307,2025-05-22 01:03:35
891,910,critical,high_value,in_progress,923,2025-10-22 03:28:08
892,372,low,high_value,open,334,2025-01-01 17:28:45
893,773,low,high_value,in_progress,38,2025-06-15 09:20:57
894,906,low,new_device,open,554,2026-03-15 14:37:59
895,557,critical,velocity,closed,761,2025-02-06 16:10:46
896,661,low,location_mismatch,in_progress,103,2025-07-16 20:59:41
897,400,medium,high_value,in_progress,220,2026-01-08 01:59:45
898,204,medium,high_value,closed,250,2026-01-08 21:39:58
899,769,high,new_device,open,359,2026-03-29 21:25:28
900,332,critical,new_device,open,237,2026-02-09 09:09:09
901,519,high,velocity,in_progress,506,2025-05-09 23:03:04
902,99,medium,high_value,in_progress,709,2025-10-24 03:45:53
903,446,medium,velocity,open,790,2025-08-12 22:07:09
904,617,high,high_value,closed,59,2025-07-20 12:23:53
905,295,low,velocity,in_progress,668,2026-04-10 09:40:38
906,627,critical,velocity,in_progress,811,2026-02-01 02:30:09
907,481,high,high_value,open,838,2025-04-11 22:29:26
908,839,low,high_value,closed,629,2025-12-16 16:08:15
909,356,critical,high_value,open,298,2026-02-02 13:08:14
910,235,low,high_value,open,174,2025-12-26 04:38:45
911,592,medium,velocity,open,891,2025-03-17 23:30:25
912,199,low,location_mismatch,in_progress,547,2026-03-20 18:13:40
913,127,high,location_mismatch,in_progress,34,2025-08-11 03:35:56
914,185,critical,velocity,open,615,2025-06-20 12:56:39
915,110,low,location_mismatch,open,596,2026-04-03 15:21:27
916,293,low,location_mismatch,open,377,2025-04-18 18:42:26
917,388,high,velocity,in_progress,90,2025-12-03 21:49:52
918,39,critical,high_value,closed,80,2025-03-06 00:21:44
919,486,high,location_mismatch,closed,903,2025-04-10 15:36:57
920,777,high,location_mismatch,closed,749,2025-02-02 05:28:40
921,290,low,new_device,open,438,2025-03-19 21:35:23
922,250,medium,new_device,closed,782,2026-01-05 20:56:30
923,936,high,location_mismatch,open,807,2025-04-26 10:49:43
924,507,critical,location_mismatch,open,620,2026-01-12 12:58:00
925,829,medium,location_mismatch,open,67,2025-08-13 14:40:40
926,786,high,velocity,open,604,2025-06-07 08:02:36
927,719,low,location_mismatch,open,138,2026-03-07 19:45:21
928,842,medium,velocity,open,505,2025-03-22 03:04:26
929,227,low,location_mismatch,closed,893,2025-08-23 06:13:19
930,375,medium,location_mismatch,closed,867,2025-03-27 14:53:05
931,731,medium,high_value,open,553,2025-05-15 14:36:06
932,57,critical,high_value,open,582,2025-07-04 17:09:21
933,84,critical,location_mismatch,closed,647,2025-06-08 17:00:42
934,133,medium,location_mismatch,closed,61,2026-02-11 22:35:29
935,494,low,velocity,closed,861,2026-01-17 19:02:54
936,769,high,high_value,closed,650,2025-02-11 04:23:55
937,983,medium,velocity,in_progress,471,2025-04-27 16:16:43
938,91,high,new_device,open,345,2026-02-13 17:48:51
939,723,critical,location_mismatch,open,70,2026-04-26 21:59:17
940,556,low,velocity,in_progress,746,2025-11-19 14:51:19
941,19,medium,velocity,in_progress,184,2025-02-05 16:29:53
942,572,low,velocity,in_progress,703,2026-02-08 05:13:47
943,231,medium,location_mismatch,closed,275,2026-03-31 05:11:52
944,750,low,new_device,open,263,2025-07-25 10:12:55
945,640,medium,location_mismatch,open,680,2025-02-04 03:01:06
946,734,high,new_device,closed,191,2025-01-09 19:46:30
947,42,critical,new_device,open,497,2025-11-11 06:13:50
948,438,high,location_mismatch,open,223,2025-06-13 22:06:21
949,455,high,velocity,open,473,2025-03-10 22:22:56
950,792,low,high_value,open,173,2026-01-06 07:31:42
951,872,low,high_value,closed,166,2025-01-15 16:49:37
952,630,critical,velocity,closed,886,2025-03-31 03:59:41
953,130,high,location_mismatch,in_progress,956,2025-03-09 17:35:14
954,545,low,location_mismatch,open,319,2025-03-29 13:37:45
955,534,medium,new_device,open,111,2026-01-12 10:16:30
956,247,low,location_mismatch,closed,676,2026-04-20 16:43:07
957,379,medium,high_value,in_progress,694,2025-12-13 19:53:54
958,850,high,new_device,closed,168,2026-04-03 13:06:54
959,676,critical,high_value,open,178,2025-01-27 20:17:19
960,978,critical,location_mismatch,in_progress,250,2025-10-15 09:41:55
961,449,high,velocity,in_progress,147,2025-07-20 09:50:49
962,92,low,new_device,open,1000,2026-01-08 23:43:05
963,517,critical,velocity,in_progress,619,2025-07-10 10:29:58
964,723,low,velocity,closed,615,2025-01-20 20:46:23
965,908,critical,velocity,in_progress,680,2025-03-24 15:06:14
966,60,high,high_value,open,544,2025-04-09 21:22:41
967,180,high,high_value,open,50,2025-09-06 18:40:36
968,627,high,high_value,closed,915,2025-05-07 15:00:07
969,204,critical,velocity,open,260,2025-06-06 00:10:54
970,146,critical,velocity,in_progress,413,2025-08-03 07:01:37
971,281,high,new_device,closed,38,2025-04-06 23:09:20
972,768,high,location_mismatch,open,231,2026-03-21 07:26:50
973,162,high,velocity,in_progress,135,2026-03-13 20:01:53
974,490,low,location_mismatch,in_progress,858,2026-02-25 06:58:05
975,68,medium,new_device,closed,972,2025-09-14 10:01:05
976,310,medium,high_value,closed,5,2025-05-23 19:15:29
977,363,critical,high_value,closed,949,2025-02-27 15:48:21
978,741,high,high_value,open,402,2025-07-17 11:21:31
979,940,medium,high_value,closed,799,2025-03-20 01:50:05
980,297,high,velocity,open,842,2025-08-06 14:12:16
981,85,high,high_value,closed,549,2025-07-29 00:46:40
982,381,medium,high_value,closed,288,2025-08-17 00:52:42
983,345,critical,velocity,open,459,2025-07-06 01:23:09
984,14,critical,location_mismatch,in_progress,625,2025-10-13 07:43:34
985,209,low,location_mismatch,open,829,2025-09-06 04:13:42
986,335,high,high_value,in_progress,428,2025-02-01 19:01:43
987,1,high,new_device,closed,350,2026-03-03 21:54:17
988,716,high,high_value,open,102,2025-12-23 07:17:57
989,103,high,velocity,open,742,2026-03-22 06:29:45
990,931,medium,new_device,in_progress,606,2025-09-20 06:34:08
991,29,medium,location_mismatch,in_progress,728,2025-11-08 04:42:58
992,57,medium,location_mismatch,closed,441,2026-01-06 03:01:14
993,130,high,new_device,open,645,2026-03-04 06:23:40
994,534,medium,high_value,open,218,2025-12-12 19:15:04
995,842,high,new_device,closed,383,2026-02-04 17:29:35
996,891,critical,high_value,open,903,2025-12-07 00:59:57
997,389,high,velocity,closed,995,2025-06-28 18:18:16
998,608,critical,velocity,closed,953,2025-02-22 13:29:57
999,797,high,high_value,closed,235,2025-08-23 07:12:31
1000,947,critical,velocity,in_progress,975,2025-01-09 09:44:53
